FL_DATE,OP_CARRIER,OP_CARRIER_FL_NUM,ORIGIN,ORIGIN_CITY_NAME,DEST,DEST_CITY_NAME,CRS_DEP_TIME,DEP_TIME,WHEELS_ON,TAXI_IN,CRS_ARR_TIME,ARR_TIME,CANCELLED,DISTANCE
2024-03-30,AL,1706,BOS,Japerejo,ATL,Togur,1733,1874,1717,8,1887,1351,0,65
2023-10-07,AL,1397,BOS,Spirovo,ATL,Jiaomingsi,2024,1437,1581,6,1810,1937,1,35
2024-01-13,DL,1755,POS,Messina,NVL,Trà Vinh,1883,2041,1707,9,1752,1881,1,37
2024-08-03,DL,1882,POS,Aurora,ATL,Ciputat,1680,1866,1931,7,1634,1338,1,13
2023-12-10,AL,1466,BOS,Gilowice,ATL,Berezniki,1444,1720,1814,10,1785,1782,1,10
2024-02-20,DL,1679,BOS,Strachówka,NVL,Puyang,1969,1835,1349,5,1385,1488,0,84
2024-02-27,AL,1860,BOS,Luojiaping,NVL,Meiktila,1797,1799,1511,8,2046,1935,0,27
2023-11-12,AL,1344,BOS,‘Alīābād-e Katūl,ATL,Puerto Aisén,1928,1913,1923,1,1584,1936,1,52
2024-05-27,PL,1656,POS,Llusco,ATL,Krajan,1800,1871,1559,8,1924,1709,1,55
2024-02-11,DL,1528,POS,Buenaventura,NVL,Bahāwalnagar,1691,1658,1962,6,1961,1727,0,17
2024-02-28,AL,1914,POS,Rubik,ATL,San Isidro,1709,1438,1470,8,1436,1967,1,23
2024-05-21,PL,1731,BOS,Antonio Toledo Corro,ATL,Bilo,1817,1442,1452,10,1828,1776,1,79
2024-09-02,PL,1793,POS,Bayan Hure,NVL,Al Qiţena,1789,1791,1382,5,1919,2035,0,37
2024-05-29,AL,1914,BOS,Jiading,NVL,Kudowa-Zdrój,2027,1652,1521,7,1597,1753,1,15
2024-04-04,AL,1659,POS,Ma'an,NVL,Tankhoy,1778,1580,1658,5,2025,1613,1,26
2023-12-18,PL,1412,BOS,Xialaba,NVL,Ruma,1764,1788,1976,10,1480,1558,0,66
2024-07-21,DL,1479,BOS,Purwodadi,ATL,Gamleby,1696,2053,1582,6,1581,1774,1,82
2024-07-25,DL,1411,BOS,Funafuti,ATL,Hagonoy,2008,1614,1982,5,1851,1671,0,65
2024-03-06,AL,1637,BOS,Vyazniki,ATL,Effium,1836,1968,2029,7,1994,2033,0,49
2023-12-11,DL,1535,POS,Roa,ATL,Quartier Militaire,2065,1355,1552,1,1379,1338,1,71
2024-03-03,PL,1930,POS,Pataypampa,ATL,Jayune,1375,1527,1669,1,1770,1951,1,12
2024-05-08,AL,2028,POS,Girsereng,ATL,Buni Yadi,1585,1358,1914,7,1550,1662,0,19
2024-04-06,DL,1956,BOS,Gobojango,ATL,Akhmīm,1593,1378,1626,2,1864,1809,0,83
2024-05-28,DL,1938,POS,Emmen,NVL,Bayantal,1694,1918,1936,2,1972,2061,0,61
2024-06-19,DL,1422,BOS,‘Aşīrah ash Shamālīyah,NVL,Cametá,1832,1576,1512,2,1431,2055,1,42
2024-05-07,AL,1794,BOS,Virje,NVL,Inhumas,1842,1729,1742,2,1655,1727,0,22
2024-01-04,DL,1768,POS,Jember,ATL,Pulian,1436,1691,1357,8,1725,1690,1,29
2024-09-19,DL,2062,BOS,Cruzeiro do Oeste,ATL,Kasongo,1618,1715,1670,10,1974,1667,0,7
2024-06-01,AL,1413,BOS,Fangjun,ATL,Bol’shoye Skuratovo,1464,1469,1875,6,1540,1378,0,79
2023-12-01,AL,1980,POS,Sudo,NVL,Panalo-on,1333,1542,1972,1,1560,1443,0,39
2023-12-07,AL,1670,BOS,Kalepasan,NVL,Vyaz’ma,1658,1806,1586,8,1943,1849,0,69
2024-07-20,AL,1399,POS,Mengenkrajan,NVL,Yushan,1754,1598,1503,4,1727,1958,0,45
2024-08-22,PL,1729,POS,Vallehermoso,ATL,Paradise,2035,1417,1751,8,1518,1872,1,69
2024-02-26,AL,1422,BOS,Qinshi,NVL,Bagombong,1987,2009,1859,3,1371,1791,0,39
2023-10-19,AL,1946,POS,Jocotán,NVL,Dongsheng,1568,1921,1707,5,1476,1989,0,9
2024-01-29,PL,2018,POS,Dodol,ATL,Pasto,1795,2045,1819,5,1527,1701,1,65
2024-07-02,PL,1477,BOS,La Falda,NVL,Bendosewu,1795,1428,1348,3,1541,1843,0,13
2024-03-19,AL,1886,BOS,Tres Isletas,ATL,Engel’s,1370,1623,1970,4,1859,1877,0,26
2024-01-04,DL,1430,BOS,Tuchoměřice,NVL,Juvisy-sur-Orge,1810,1372,1968,5,1644,1357,1,12
2023-11-03,DL,1921,POS,Bailang,NVL,Washington,1837,1655,1693,8,1440,1954,1,92
2024-03-24,AL,1762,POS,Pravdinsk,ATL,Wongsorejo,1601,1446,1347,6,1466,1409,1,100
2023-10-08,PL,1860,POS,Tlogowungu,NVL,Carmen,1596,1541,1830,10,1599,1950,0,74
2024-03-11,AL,1949,BOS,Zhuangta,ATL,Idanre,1414,1591,1722,10,1709,1511,0,73
2024-01-25,PL,1714,POS,Atlanta,ATL,Pindi Bhattiān,1658,2039,1882,10,1869,1639,1,49
2023-11-11,PL,1539,BOS,Wuyang,NVL,Strängnäs,1468,1813,2046,9,1442,1775,0,56
2024-09-16,AL,1611,BOS,Blimbing,NVL,Wugong,1475,1850,1362,10,1630,1489,1,66
2024-04-24,PL,1548,POS,Boroko,NVL,Chhāgalnāiya,1435,1423,1586,9,1925,1964,1,22
2024-04-12,AL,1454,POS,Paris 17,ATL,Werbkowice,1983,1731,1622,1,1378,2020,0,91
2024-06-20,AL,1952,BOS,Ngembo,NVL,Bangued,1868,1840,1426,6,1407,1757,0,72
2024-04-06,DL,1755,POS,Ushibuka,NVL,Kinnula,1858,1848,1427,1,1572,1423,0,41
2024-03-17,DL,1496,POS,Waoundé,ATL,Nova Olímpia,1783,1465,1947,6,1674,1651,1,79
2024-05-13,DL,1477,BOS,Zuoxi,ATL,Kista,1787,1864,1739,9,1447,1931,1,86
2024-02-02,AL,2022,BOS,Lahishyn,NVL,Biwer,1658,1603,1918,10,1760,1693,1,85
2024-09-25,PL,1548,POS,Wuxi,NVL,Sila,1540,1651,1398,7,1395,1344,0,91
2024-03-08,PL,2002,POS,Kladovo,ATL,Sannikovo,1862,1944,1838,4,1393,1456,0,45
2024-07-24,AL,1477,POS,Saḩāb,ATL,La Rochelle,1756,1487,1859,6,1421,1755,0,72
2023-12-25,PL,1720,BOS,Helsingborg,NVL,Caramay,1927,1916,1688,9,1758,1871,0,68
2024-01-23,AL,1861,POS,Yizhang Chengguanzhen,NVL,Daultāla,1886,1440,2041,2,2059,1424,1,45
2024-02-12,AL,1548,POS,Asikkala,NVL,Cisompet,1393,2040,1969,2,1432,1998,0,90
2023-11-04,AL,1338,POS,Kangshan,NVL,Luklukan,1986,1426,1821,10,1524,1454,0,99
2024-05-09,DL,1475,POS,Topola,ATL,Xiaolong,1340,2020,1698,4,1912,1592,1,66
2024-09-11,PL,1558,POS,Holice,NVL,Doibang,1674,1346,1876,3,1944,1490,1,93
2023-10-15,DL,1483,BOS,Skogås,NVL,Zaragoza,1560,1609,1930,3,1475,1532,0,43
2023-10-03,DL,1503,POS,Long Beach,NVL,Wuhu,1735,1715,1653,9,1520,1687,1,47
2024-02-14,PL,1601,BOS,Margasari,NVL,Los Juríes,1840,1411,1968,2,1718,1594,1,82
2024-06-04,AL,1396,BOS,Rrasa e Sipërme,NVL,Maple Plain,2003,1964,1518,4,1500,1423,1,14
2024-03-01,PL,1741,POS,Henggang,NVL,Princeton,1473,1979,1678,1,1631,2018,1,98
2024-01-09,PL,2005,BOS,Kaset Wisai,ATL,Ibarra,1476,1475,1474,9,1747,1618,1,37
2024-03-13,PL,2011,BOS,Estância,NVL,Cicuco,1384,1860,1752,3,1590,1610,1,20
2024-03-12,PL,1618,POS,Sanjing,ATL,Lainqu,1661,1712,1632,3,1789,2064,1,44
2024-06-10,DL,1534,BOS,Hengshan,ATL,São João del Rei,1912,1965,1946,5,1535,1557,1,45
2024-03-14,AL,1981,POS,Kardzhin,ATL,West End,1445,1761,1335,6,1648,1639,1,7
2024-08-22,AL,1468,POS,Sandviken,NVL,Dinjo,2048,1929,1519,6,1899,1941,1,0
2024-09-24,DL,1720,BOS,Simpang,ATL,Linglong,1858,1989,2011,6,1530,1452,1,34
2023-12-28,PL,1359,POS,Osielec,NVL,San Pedro,2053,1582,1816,2,1691,1524,0,66
2024-02-04,PL,2014,BOS,George Hill,NVL,Valada,1865,1462,1357,7,1690,1460,1,71
2024-09-30,DL,1878,POS,Dadapan,ATL,Ad Dawādimī,1527,1560,1379,2,1853,1711,0,64
2024-01-07,PL,1380,POS,Oughterard,NVL,Xinshichang,1510,1555,2012,8,1570,2012,1,37
2024-01-31,AL,1501,POS,Neiba,NVL,Annecy-le-Vieux,1736,1549,1715,2,1621,1750,0,45
2024-03-22,DL,1842,POS,Guadalupe,NVL,Indulang,1596,1358,1483,9,1865,1383,0,100
2024-06-13,AL,1643,BOS,Kiev,ATL,Anju,1892,1453,1896,6,1459,1790,0,92
2024-08-23,PL,1562,POS,Taiyuan,ATL,Ronov nad Doubravou,1701,1800,1637,4,1381,2027,1,38
2024-07-11,AL,1922,POS,London,NVL,Santo Domingo,1603,1519,1441,5,1940,1760,1,8
2024-08-07,DL,1978,POS,Yangji,NVL,Velké Karlovice,1866,1339,1722,9,1624,1538,1,35
2024-05-01,AL,1812,BOS,Seredyna-Buda,NVL,Munde,2047,1611,1896,1,2034,1727,0,46
2023-11-17,DL,1980,POS,Raminho,ATL,Dagang,1395,1577,1522,3,1606,1906,1,2
2024-05-08,AL,1555,POS,Peddie,NVL,Hūn,1484,1743,1723,3,1380,1478,1,33
2024-02-11,AL,1729,BOS,Bucay,NVL,San Francisco,1599,1810,1772,3,1662,1485,1,98
2024-09-01,PL,1817,BOS,Tahara,ATL,Jiujie,1719,1568,1627,9,1353,1505,1,9
2024-04-22,AL,2023,POS,Wydminy,ATL,Brinkmann,1881,2003,1637,10,1820,1859,0,80
2023-12-01,PL,1426,POS,Moroto,NVL,Wukou,1662,1493,1990,3,1570,1532,1,75
2024-05-23,AL,1663,BOS,Lincheng,NVL,Lazaro Cardenas,1837,1967,2058,7,1754,1335,0,50
2024-06-16,AL,1601,POS,Esperanza,ATL,Lianfa,1501,1387,1714,1,1790,1844,0,57
2024-04-18,AL,1795,BOS,Winong,ATL,Duisburg,1554,1638,1646,7,1729,1775,0,15
2024-08-07,PL,2036,POS,Kota Bharu,ATL,Bodø,1871,1727,1920,3,1477,1853,1,75
2023-10-16,AL,1862,POS,Téra,NVL,Vila do Maio,1671,1534,1532,9,1413,1826,1,63
2024-01-20,DL,1417,POS,Nikhom Phattana,ATL,Al Karmil,1913,1405,1752,5,2060,1673,1,22
2024-09-04,DL,2064,POS,Néo Psychikó,NVL,Nanxinxiang,1511,1510,1709,3,1346,1668,0,75
2023-10-21,DL,1550,POS,Североморск-3,ATL,Broshniv-Osada,1647,2047,1785,8,1728,1797,0,91
2023-11-14,PL,1905,BOS,San Jorge,NVL,Rodniki,1391,1578,1967,9,1750,1464,1,24
2024-01-15,AL,1892,POS,Chambishi,ATL,Tizguine,1831,1501,1627,9,1336,1788,1,12
2024-09-18,AL,1826,POS,Ropa,NVL,Domalanoan,1626,1985,1406,1,1751,2053,1,2
2024-06-27,AL,1460,POS,Longwood,NVL,Helang,1607,2047,1562,2,1895,1385,1,25
2024-07-25,AL,1358,BOS,Daciyao,NVL,Rutana,1458,1894,1716,6,1627,1798,1,16
2024-07-10,DL,1794,BOS,Central,ATL,Şafwá,1403,1844,1401,5,1461,1870,1,20
2024-06-15,PL,2035,POS,Francisco Villa,ATL,Ban Phue,1850,1381,1508,1,1407,1722,0,70
2024-08-31,DL,1367,BOS,Jatiwangi,ATL,Petaling Jaya,1837,1870,1899,1,1624,1914,0,25
2023-12-02,PL,1933,POS,Birobidzhan,NVL,Monte Alto,2012,1847,1411,10,1880,1711,1,13
2024-03-07,PL,1962,BOS,Losevo,ATL,Gang,1589,1418,1833,2,1471,1464,0,10
2024-01-18,DL,1763,POS,Hachinohe,ATL,Santa Bárbara,1646,1983,2054,1,1496,1455,1,55
2024-06-11,DL,1461,BOS,Mojolampir,ATL,Penhold,1675,1894,1716,1,1569,1467,0,1
2024-05-06,DL,1382,POS,Bakersfield,NVL,Dushang,1832,1448,1737,2,1777,1493,0,17
2024-06-27,PL,1472,POS,Yingchengzi,NVL,Sundbyberg,2003,1428,1886,10,2000,1429,1,64
2024-05-03,AL,1992,BOS,Ar Rumaythīyah,NVL,Cankova,1758,1982,1522,10,1538,1449,0,16
2023-11-12,AL,1858,BOS,Buchach,ATL,Kirgili,1368,1467,1909,5,1527,1740,1,99
2023-11-10,PL,1638,BOS,Ambarita,NVL,Tongjiang,1434,2001,1619,8,1852,1732,1,97
2024-03-21,PL,1595,POS,Danbury,ATL,Juan Santiago,1725,1611,1602,1,1490,1407,0,25
2024-08-21,PL,1619,POS,Kodamachō-kodamaminami,ATL,Zheleznogorsk-Ilimskiy,2043,1373,1426,9,1516,1877,0,48
2023-11-14,AL,1693,BOS,Maisons-Laffitte,NVL,Cascavel,1491,1381,1974,9,1414,2007,0,51
2023-11-14,PL,1929,BOS,Warmbaths,NVL,Negararatu,1613,1394,1752,7,1474,1893,0,58
2024-03-25,AL,1422,POS,At Tawāhī,NVL,Ōkuchi,1776,1940,1740,9,1838,1404,0,91
2024-07-11,DL,1444,POS,Jugantang,NVL,Banyumas,1866,1854,1401,6,1838,1380,0,52
2024-06-14,AL,1393,POS,Bendo,NVL,Little Current,1631,1397,1587,10,1535,1889,1,50
2024-03-20,DL,1769,POS,Marinilla,NVL,Škofljica,2034,1697,1924,2,1615,1630,1,61
2024-08-12,AL,1999,POS,San Ramón,ATL,Xinshancun,1466,2031,1594,9,1777,1498,1,40
2024-04-10,AL,1883,POS,Orsha,NVL,Zhouzhuang,1380,1756,1570,3,1594,1704,1,22
2024-05-27,AL,1904,POS,Patao,ATL,Palmeira,1362,1665,1350,2,1786,1976,0,86
2024-05-22,DL,2043,POS,Kálamos,NVL,Mekarsari,1431,1866,1343,3,1958,1827,0,47
2024-08-27,PL,1939,POS,Beigang,NVL,Huizhai,1613,1358,1613,1,2010,1725,1,87
2024-08-07,DL,1676,POS,Zielonki,NVL,Ciladaeun,1443,1657,1418,8,1792,1767,0,22
2024-08-21,DL,1674,POS,Manjiang,NVL,Las Yaras,1687,1779,1725,9,1896,1975,1,9
2023-11-18,AL,1561,POS,Dasuk,NVL,Wenjiao,1452,1958,1672,9,1870,1552,0,48
2024-03-31,AL,1727,BOS,Tikiw,NVL,Messina,1887,1675,1844,2,1373,1721,1,56
2024-03-05,PL,1738,BOS,Mojoagung,NVL,Zduńska Wola,1338,1647,1861,6,1653,1672,0,43
2024-02-25,DL,1678,POS,Plalar,NVL,Vila Chã,2031,1347,1702,8,1871,1880,1,34
2024-07-20,AL,1356,BOS,Calilegua,ATL,Kajiado,2005,1335,1826,10,1467,1879,0,46
2024-04-28,DL,1447,POS,Pasirnangka,ATL,Estombar,1876,1581,2056,2,1890,1452,0,97
2024-05-21,PL,1333,POS,Villa Regina,NVL,Tutayev,1945,1616,1461,9,1769,1585,1,25
2024-03-20,DL,1789,POS,Caen,ATL,Nîmes,1902,1409,1411,8,2056,1545,1,89
2023-11-22,PL,1760,POS,Podbrdo,ATL,Zhongdeng,1478,1626,1520,3,1665,1484,0,70
2023-10-16,DL,1857,POS,Dimitrov,NVL,Komenda,1480,1562,1729,8,1659,1686,0,57
2024-06-18,PL,1766,POS,Tembisa,ATL,La Tigra,1687,1901,1621,3,1365,1692,0,25
2024-03-01,PL,1339,BOS,Osasco,NVL,Oke Iho,1871,1770,1477,1,1721,1473,1,5
2023-12-28,PL,1957,BOS,São Pedro da Aldeia,ATL,Tenggina Daya,1498,1954,2055,7,1404,1609,0,99
2024-03-16,DL,1939,POS,Gujō,NVL,Santa Maria da Vitória,1403,1928,1586,10,1654,1499,0,74
2023-10-28,AL,1851,BOS,Jönköping,ATL,Gnieżdżewo,1659,1405,1578,4,1348,1510,0,98
2024-03-16,AL,1737,BOS,Pajić Polje,ATL,Parigi,1926,1347,1814,2,1948,1636,0,100
2024-04-26,DL,1985,POS,Pembuanghulu,ATL,Mariscala,1709,1678,1919,7,2012,1334,1,67
2024-07-25,DL,1541,POS,Ljupina,NVL,Jiaokui,1797,2008,1945,10,1669,1337,1,65
2023-10-31,DL,1550,POS,Pueblo Nuevo,ATL,Pincher Creek,1680,1608,1972,2,1503,1919,0,64
2024-07-10,PL,1499,POS,Mengdadazhuang,NVL,Stalís,1515,2010,1485,6,2041,1807,0,8
2024-06-30,PL,1383,POS,Songyuan,ATL,Panacan,1846,1628,1518,5,1759,1702,0,61
2024-03-14,AL,1538,POS,Zverevo,ATL,Bāsawul,1759,1883,1753,5,1889,1818,1,50
2024-07-02,DL,1437,POS,Dujiajing,ATL,Zapolyarnyy,1847,1369,1611,10,1948,1496,1,55
2024-07-31,PL,1409,POS,General Lavalle,ATL,Sarnia,1704,1731,1823,7,1842,1629,1,33
2024-09-01,PL,1923,POS,Amsterdam Nieuw West,ATL,El Paso,2011,1455,1461,5,1482,1912,0,15
2024-07-21,AL,1699,BOS,Mullsjö,ATL,Kombolcha,1358,1364,1837,4,1350,1682,1,74
2023-12-03,DL,1999,POS,Höfn,ATL,Montreuil,1828,1336,1354,5,1681,1726,0,51
2024-05-14,AL,1762,POS,Irkutsk,ATL,Novo Horizonte,1673,2053,1354,6,1505,1808,1,76
2024-08-22,DL,1519,BOS,La Palma,NVL,Assis,1941,1515,1994,10,1671,1707,1,55
2024-08-19,DL,1820,POS,Maubin,NVL,Hekou,1897,2049,1447,1,1703,2055,1,2
2024-03-04,DL,1481,POS,El Triunfo,NVL,Saint-Jean-de-Braye,1855,1706,1696,3,2012,1591,0,11
2024-06-11,AL,1755,BOS,Ciudad Vieja,NVL,Xiting,1828,1692,1952,2,1633,1679,0,33
2024-04-20,DL,1525,POS,Paris 01,NVL,Coquitlam,1719,1933,1689,5,1622,1501,1,75
2023-12-01,PL,1380,BOS,Al Faḩāḩīl,NVL,Zhouzhuang,2037,1893,1836,4,1465,1870,0,80
2023-12-01,PL,1899,POS,Pindi Bhattiān,NVL,Catu,1805,1933,1409,5,1974,1927,1,32
2024-06-22,AL,1453,POS,Pomacanchi,NVL,Rasūlnagar,1469,1479,1883,1,1791,1840,0,93
2024-07-31,PL,1808,POS,Longzhong,ATL,Hongdun,1508,1915,1977,10,1680,1333,1,22
2024-05-12,AL,1914,POS,Gaomi,NVL,Banda Layung,1610,2058,1580,9,1934,1371,1,85
2024-02-26,DL,1586,BOS,Vyksa,NVL,Đình Lập,1726,1570,1459,4,1491,1548,0,74
2024-05-08,PL,1528,POS,Tiro,NVL,Mendes,2038,1680,1450,9,1966,1934,1,85
2024-08-30,DL,1981,POS,Yako,ATL,La Guacamaya,1453,1681,1821,5,1966,1360,1,31
2024-08-01,AL,1391,BOS,Guantian,ATL,Liji,1836,1932,1750,6,1480,1948,0,53
2024-02-03,PL,1846,POS,Piedrancha,ATL,Sampangan,1631,1890,1810,7,1968,1940,1,63
2024-03-23,PL,1376,POS,Haruai,NVL,Woha,1492,1417,1499,2,1903,1951,1,42
2024-03-28,DL,1564,POS,Cherbourg-Octeville,NVL,Daoxu,1729,2056,1747,7,1804,1559,1,96
2024-01-22,DL,1460,POS,Manouba,ATL,Willowmore,2005,1537,1992,5,1467,1963,0,91
2024-02-28,AL,2046,POS,Dokuchayevs’k,ATL,Prapen,1727,1643,1867,1,1701,1584,1,89
2024-07-11,PL,1923,POS,Luotaping,NVL,Volgo-Kaspiyskiy,1718,2025,1361,4,1968,1406,0,29
2024-05-25,DL,1658,POS,Oesao,NVL,Bone South,1415,1838,1603,4,1524,1734,1,94
2024-08-11,PL,1610,POS,Cockburn Town,NVL,North Battleford,1690,1871,1964,2,1353,1452,0,64
2023-10-29,DL,1565,POS,Turpay,NVL,Krzemienica,1468,1848,1335,1,1697,1523,1,28
2023-12-18,PL,1437,POS,Yangping,ATL,Santa Catalina,1820,1408,1644,6,1722,1652,0,38
2023-11-17,DL,1648,BOS,Paris 17,NVL,Áyios Nikólaos,1511,1844,1423,4,1576,1751,1,39
2024-01-12,PL,1794,POS,Huangshi,ATL,Lian,1694,1991,1751,10,1813,2063,1,40
2023-11-15,PL,1709,BOS,Mekarsari,ATL,União da Vitória,1420,2050,1940,6,1423,1393,0,46
2024-05-05,DL,1750,BOS,Venezia,ATL,Cutral-Có,1580,1405,1664,10,1709,1695,0,58
2024-02-14,DL,1459,BOS,Chang Klang,NVL,Korçë,1543,1520,1804,9,1633,1740,1,32
2024-07-06,AL,1881,BOS,Irbit,ATL,Mizoch,2017,1647,1680,3,1469,1464,1,22
2024-02-12,AL,1715,BOS,Skinnskatteberg,ATL,Jājarm,1530,1954,1593,8,1659,1894,1,4
2024-03-31,AL,2014,BOS,Tianta,ATL,Xiliguantun,1421,1920,1370,4,1655,1519,1,71
2024-07-02,AL,1759,POS,Miyakonojō,ATL,Pancas,1600,1776,1391,8,1729,1579,1,19
2024-09-09,DL,1698,POS,Silab,ATL,Geta,1917,1898,1358,2,1637,1651,1,70
2024-08-25,DL,2059,BOS,Laranjal Paulista,ATL,Kafr Mandā,2027,1967,2039,6,1335,1942,1,26
2024-03-06,DL,1536,POS,Kallithéa,NVL,Qinghe,1384,1343,1606,10,1607,1543,1,0
2024-03-11,AL,1707,POS,Petaling Jaya,NVL,Magugu,1791,1741,1477,4,1604,1535,1,27
2024-07-13,AL,1914,BOS,Balbagay,ATL,Khisarya,2019,1812,1616,1,1579,1609,1,31
2023-12-10,AL,1502,BOS,Birendranagar,ATL,Guanhães,1781,1992,1576,1,1680,1570,1,43
2024-02-13,PL,1774,POS,Hoima,NVL,Laspezia,1485,1356,1692,7,1868,1784,1,9
2023-12-06,AL,1894,BOS,Viitasaari,NVL,Baiheshan,1459,1611,1644,4,1460,1847,0,43
2024-06-18,PL,1941,POS,Janes,ATL,Cipancur,1624,1883,1624,2,1471,1448,0,40
2024-10-01,PL,2000,POS,Le Cannet,ATL,Gabao,1464,1852,1931,3,1974,1537,1,93
2023-11-01,PL,1772,POS,Thị Trấn Yên Ninh,NVL,Paris 15,1884,1751,1335,3,2028,1737,1,46
2024-01-22,DL,1601,POS,Trelleborg,ATL,Storuman,1565,1597,1533,2,1440,1394,0,87
2024-06-26,AL,1919,POS,Leomil,ATL,Wucheng,1845,1831,1569,2,1344,1762,1,43
2024-01-31,DL,2022,POS,Aubergenville,ATL,Saint-Denis,1537,1472,1689,3,1854,1705,0,55
2024-02-03,DL,1715,POS,Cimaragas,ATL,Åkersberga,1350,1589,1830,8,1710,1951,1,99
2024-07-08,DL,1796,BOS,Chengguan,NVL,Huayuan,1617,1621,1333,5,1477,1381,0,48
2024-07-19,PL,1578,BOS,Balboa,ATL,Phanna Nikhom,1824,1680,1919,9,1947,1373,1,56
2024-07-30,DL,1363,BOS,Samdo,ATL,Essen,1889,1806,1578,8,1888,1637,1,31
2024-01-11,PL,1431,POS,Blatná,NVL,Buenaventura,1385,1761,1444,10,1816,1874,0,10
2023-12-19,PL,1892,BOS,Bilshivtsi,NVL,San Luis,1983,1904,1361,8,1788,1882,0,69
2024-06-13,DL,1675,BOS,Shuangshan,NVL,Sembon,1646,1594,1602,7,1899,1791,0,66
2024-03-30,DL,1533,POS,Lamego,NVL,Железный порт,1426,1745,1934,8,1521,2036,0,49
2023-11-06,AL,1531,POS,Abelheira,ATL,Libao,1952,1992,2007,5,1365,1361,0,38
2023-11-16,DL,2003,BOS,Yuzawa,NVL,Wohyń,1613,1948,1660,6,1860,1873,0,64
2024-05-23,DL,1533,POS,Fu’an,NVL,Aroa,1838,1928,1879,9,1960,2010,1,4
2024-02-06,DL,2017,POS,Cipondok,ATL,Bujaków,2002,1432,1934,1,1713,1349,1,83
2024-06-26,DL,2060,BOS,Jinsha,ATL,Puyo,1395,1364,1947,4,1344,1587,1,11
2023-11-28,AL,1874,POS,Wólka Pełkińska,ATL,Chesapeake,1866,1981,1913,7,1834,2064,0,17
2024-04-17,DL,1971,POS,Oxbow,NVL,Boketu,1925,1973,1949,10,1446,1922,0,24
2023-12-22,DL,1586,BOS,Freixo de Numão,NVL,Castlepollard,1847,2043,1420,10,1400,1443,0,51
2024-05-18,DL,1642,POS,Sandaogou,NVL,Phong Điền,1891,1431,1406,2,1596,1861,0,93
2024-08-28,AL,1581,BOS,San Rafael,ATL,Santiago De Compostela,1532,1432,1630,8,1982,2025,1,3
2024-08-03,DL,1650,BOS,Laleng,ATL,Lyon,1947,1513,2003,8,1537,1572,1,72
2024-06-25,DL,2010,BOS,Liverpool,ATL,Courtaboeuf,2011,1704,1387,8,1602,1673,1,24
2023-10-05,AL,1624,POS,Santa Cruz De Tenerife,NVL,Chadan,1969,1519,1750,9,2061,1573,1,18
2024-02-07,PL,1406,BOS,Nsukka,ATL,Manyava,1512,1907,1379,6,1572,2035,0,45
2024-06-09,DL,1422,BOS,Dongpu,NVL,Bhiria,1848,1614,1436,2,1994,2064,0,18
2024-09-11,PL,1466,POS,Aviúges,ATL,Golynki,1984,1542,1834,7,1434,1612,0,61
2024-05-04,PL,1814,POS,Lille,NVL,Eastern Suburbs Mc,1855,1659,1419,6,1516,1864,0,3
2024-08-24,DL,1485,BOS,Ōfunato,ATL,Chynów,2060,1446,1872,6,1401,1739,1,58
2024-03-24,DL,1353,POS,Kaleybar,NVL,Saint-Pierre,1887,1694,1753,9,1912,1880,1,6
2023-10-24,DL,1557,POS,San Pedro,ATL,Bernay,1654,1420,1460,8,1671,1979,1,31
2023-10-22,AL,1543,BOS,Mokwa,ATL,Hongdu,1933,2034,1591,9,1394,1383,0,89
2024-08-11,PL,1871,POS,Pinheiros,ATL,Quintong,1699,1897,1540,4,1569,1980,0,95
2024-09-18,DL,1831,BOS,Książ Wielkopolski,NVL,Tangchi,1872,1369,1336,2,1590,1471,1,46
2024-04-28,PL,1971,BOS,Montauban,ATL,Poroçan,1334,1937,1618,9,2041,1448,0,20
2024-02-19,PL,1612,POS,Gävle,NVL,San Ignacio,1347,1625,1541,9,1526,1958,0,5
2023-10-24,AL,1880,BOS,Yuewan,ATL,Guadalupe,1411,1961,1910,5,1773,2052,0,69
2024-07-05,PL,1991,BOS,Khlong Toei,NVL,Tomari,1862,1398,1707,2,1569,1817,1,7
2024-02-02,PL,1698,POS,Souq Larb’a al Gharb,NVL,Setonokalong,1585,1693,1755,3,1573,1736,1,50
2023-12-03,PL,2017,BOS,Mŭglizh,NVL,Qingguang,1936,1718,1839,8,1863,1736,0,2
2024-03-10,PL,1953,BOS,Araci,NVL,Dusun Desa Bunter,1438,1660,1834,9,1716,1586,1,44
2024-08-28,DL,1880,BOS,Miracema,NVL,Palaiomonástiron,1692,1708,1911,10,1583,1642,1,88
2024-07-28,PL,1388,POS,Sipoholon,NVL,Delaware,1538,1714,1764,8,1876,1513,1,66
2024-01-11,DL,1795,BOS,Hoçisht,NVL,Żelazków,1599,1735,1638,1,1794,1930,0,66
2023-11-09,PL,1477,POS,Psychikó,NVL,Erada,1971,1951,1665,1,1444,1437,1,40
2023-10-26,DL,1340,BOS,Lacabamba,ATL,Arrën,1893,1782,1435,8,1701,1519,1,89
2024-07-30,PL,1511,POS,Mullsjö,ATL,Tizguine,1676,1477,1799,3,1867,1353,1,85
2024-01-27,AL,2010,BOS,München,ATL,Zhongxing,2041,1457,1761,7,1831,1579,0,24
2024-01-08,DL,1887,BOS,Kupiskis,NVL,Sishan,1424,1689,1441,5,1551,2023,0,67
2024-03-08,PL,1487,POS,Lubāna,NVL,Chishmy,1456,1375,1714,3,2016,1690,0,28
2023-12-16,DL,1697,POS,Illéla,NVL,Tumba,1379,1539,1964,7,1932,1925,0,70
2024-01-16,AL,1468,POS,Salvador,ATL,Gunungkendeng,1524,1626,1360,7,1351,1496,1,31
2024-04-26,PL,2041,POS,Souto,ATL,Xixia,1485,1894,1944,1,2053,1677,0,51
2024-03-10,AL,2046,BOS,North Perth,NVL,Issy-les-Moulineaux,1717,1427,1383,6,1690,1422,0,36
2024-07-13,DL,1702,POS,Paisha,NVL,Sua,1524,1710,1526,10,2042,1528,0,63
2023-11-29,PL,1968,BOS,Quilo-quilo,ATL,Bordeaux,1662,2004,1523,1,1391,1726,0,26
2024-01-04,PL,2025,BOS,Gândara,NVL,São José do Egito,1407,1566,1341,9,1934,1663,1,78
2024-09-09,DL,1448,POS,Shīnḏanḏ,NVL,Tsaritsyno,1482,1851,1443,4,1672,1454,0,11
2024-04-26,AL,1916,BOS,Niny,ATL,Barrio San Luis,1678,2035,1466,2,1729,1941,0,75
2024-09-02,AL,1740,BOS,Jaguaruana,ATL,Cherepovets,2040,1592,1481,7,1335,1687,0,91
2024-08-15,PL,2048,BOS,Laoag,ATL,Prokhladnyy,1532,1573,1436,1,1700,1601,1,68
2023-12-23,PL,1615,BOS,Porto Calvo,ATL,Buyuan,1801,1506,1549,4,1713,1501,0,16
2024-01-02,AL,1598,POS,Bürenhayrhan,NVL,Askiz,1527,1727,1944,3,1860,1341,1,56
2024-02-16,AL,1697,BOS,Markham,NVL,Baolong,1771,1870,1920,6,1384,1545,1,54
2024-04-08,PL,1553,BOS,Barrosa,ATL,Fengyi,1988,1612,1429,10,2004,2016,1,56
2024-07-01,DL,1641,POS,Fotolívos,NVL,Severnyy,1815,1427,2056,1,2027,1398,1,15
2024-03-07,PL,1792,BOS,High Point,NVL,Dębnica Kaszubska,1757,1802,1915,9,1562,1502,1,35
2024-03-20,AL,1791,BOS,Stockholm,ATL,Afanas’yeva,1616,2002,1964,9,1644,1505,0,87
2024-05-14,AL,1950,BOS,Juegang,ATL,Pushkino,1476,1960,1770,5,2065,1852,0,96
2023-11-17,DL,1771,POS,Gyangkar,ATL,Macedo de Cavaleiros,1732,1825,1442,4,1863,1403,1,80
2024-08-13,DL,1611,POS,Boussé,ATL,El Chol,1911,1499,1647,8,1520,1495,1,61
2024-09-28,DL,1979,BOS,Bayt ‘Adhāqah,NVL,Shinyanga,1416,1810,1875,9,1566,1648,1,33
2024-02-24,PL,1507,BOS,Huashan,NVL,Sokolo,1994,1738,1471,10,1452,1937,0,79
2023-12-24,PL,1889,POS,Usogorsk,ATL,El Cairo,2059,1508,1635,4,1420,1410,0,50
2024-07-19,PL,1935,BOS,Baicheng,NVL,Ağdaş,1367,1521,1693,1,1561,1706,0,39
2023-10-13,AL,1513,BOS,Chokwé,NVL,Yutou,1661,1619,1348,4,1740,1759,0,42
2023-10-30,AL,2049,BOS,Luoqiao,ATL,Trondheim,1434,1474,1780,7,1841,1457,0,31
2024-03-19,AL,1781,POS,Guapimirim,NVL,Inkerman,1837,2016,1573,6,1750,1877,0,99
2024-06-23,PL,1831,BOS,Duayaw Nkwanta,ATL,Yabuli,1996,1529,1722,10,1383,1626,0,44
2024-06-21,DL,2021,POS,Ujmisht,ATL,Hallstahammar,1780,1636,1401,1,1861,2052,1,37
2023-11-01,PL,1443,POS,Tomioka,NVL,Berat,1564,1492,1676,8,1357,1994,1,0
2024-03-10,AL,2010,POS,Logon,NVL,Krzeszów,1918,1463,1971,9,1452,1463,1,14
2024-02-05,DL,1380,BOS,São Miguel dos Campos,ATL,Outeirô,2031,1694,2026,9,1939,1980,0,39
2024-04-08,DL,1497,BOS,Gengwan,ATL,Sabinópolis,1777,1574,1765,10,1497,1685,1,97
2024-08-18,AL,1845,BOS,Melgar,NVL,Priozërsk,1962,1949,1934,6,1376,1738,0,43
2024-05-24,DL,1920,POS,Bilice,NVL,Kolyshley,1529,1418,1593,7,1858,2009,1,96
2024-01-08,AL,1767,POS,Lille,ATL,Paragominas,1856,1947,1925,5,2057,1470,1,62
2024-08-18,PL,1678,POS,Santa Marcela,NVL,Neyagawa,2038,1372,1590,1,2004,1504,1,59
2023-12-25,PL,2006,POS,Dulangan,NVL,Lepoglava,1664,1797,2025,3,1980,1360,1,79
2024-04-07,AL,1754,BOS,Hulín,NVL,Jorong Lauk,2050,1357,1668,1,2052,1988,1,39
2024-08-31,AL,1476,BOS,Strzelin,NVL,Jambu,1637,1401,1890,5,1591,1740,0,35
2024-04-18,DL,1500,BOS,Kamubheka,ATL,Cunha,1601,1871,1644,1,1477,1421,0,37
2024-02-25,PL,1551,POS,Idritsa,ATL,Fonte de Angeão,1595,1789,1625,3,1932,2039,0,80
2024-07-26,PL,1839,BOS,Darunban,ATL,Rembes,1360,1749,1928,9,1828,1471,0,51
2023-11-10,PL,1574,POS,Russeifa,ATL,Kavásilas,1578,1639,1485,10,2023,1999,1,57
2023-12-19,DL,1642,POS,Sampaloc,ATL,Muyudian,1940,1660,1689,6,1340,1591,0,33
2024-02-13,AL,1977,POS,Wangunsari,ATL,Putang,1784,1340,1654,3,1683,1730,1,49
2023-11-27,PL,1741,POS,Thanatpin,NVL,Sundsvall,1662,1614,1344,9,1651,1953,1,63
2024-03-05,AL,1345,POS,Darnah,NVL,Fonte da Vaca,1851,2015,2057,1,1974,1721,1,81
2024-01-03,PL,1929,POS,Praia das Maçãs,ATL,Luisiana,1643,1946,1777,6,2065,1733,1,35
2024-08-13,PL,1696,BOS,Luoqiao,ATL,Rubio,1519,2053,1499,8,1498,1801,1,86
2023-10-12,PL,1623,BOS,Novokuz’minki,ATL,Xinxu,2048,1486,1705,7,1973,1674,1,1
2024-07-23,DL,1902,POS,Krajan Jabungcandi,ATL,Caotang,1427,1710,1844,5,1504,1892,1,87
2024-02-06,PL,1571,POS,Messejana,ATL,Aytos,1547,1837,1354,2,1369,2058,0,30
2024-07-28,AL,2027,POS,Angkup,NVL,Carpina,1528,1561,1900,4,1860,1657,0,83
2024-02-20,PL,1554,POS,Ağdaş,ATL,Usman’,1644,1811,1517,6,2032,1724,0,78
2024-08-13,AL,1870,BOS,Hayange,ATL,Sunfang,1982,1501,1382,8,1381,1663,1,90
2024-08-25,PL,1939,BOS,Belén de Umbría,ATL,Tagbilaran City,1645,1343,1933,10,2021,1531,1,90
2024-02-07,PL,1449,BOS,Cipatat,NVL,Zambujeira,1528,1447,1781,5,1690,1916,1,29
2024-09-08,PL,1558,BOS,Bulasa,NVL,Infantas,1399,1587,1924,9,1895,1834,0,32
2023-10-28,AL,1855,BOS,Areeiro,ATL,Kaum,2034,1708,1504,4,1443,1645,1,93
2024-04-30,DL,1756,BOS,Konstantinovskoye,NVL,Nikolo-Pavlovskoye,1490,1693,1451,8,1997,1813,0,77
2024-03-09,PL,1839,POS,Mushie,ATL,Lisków,1696,1695,1969,2,1498,1795,0,77
2024-04-20,PL,1927,BOS,Kandang Timur,ATL,Malysheva,1411,1353,1598,4,1765,1422,0,5
2024-09-18,PL,1548,POS,Krajan Keboromo,ATL,Rietavas,1571,1509,1523,6,1702,1341,0,52
2024-07-02,DL,1687,POS,Tong’an,ATL,Wao,1816,1364,1841,1,1413,1857,1,84
2024-06-16,AL,1706,POS,Al Jahrā’,ATL,Oslo,1676,1769,1677,7,1339,1490,0,56
2024-07-29,DL,1999,POS,Cloyne,ATL,Fajsławice,1631,1395,2056,2,2033,1774,1,23
2023-11-23,PL,1637,POS,Babatngon,NVL,Columbus,2000,1606,1484,9,1985,1978,1,13
2024-02-04,PL,1878,BOS,Beylagan,NVL,Mafang,1879,1353,1605,7,1351,1843,1,78
2024-02-26,AL,1911,POS,Zhenjiang,NVL,Gucheng,1746,1477,2011,6,1669,1638,1,76
2024-03-26,DL,1380,BOS,Xinyu,NVL,Tsubata,1806,1746,1607,3,1912,1742,1,78
2023-11-16,PL,1412,POS,Fonte do Feto,ATL,Szczawno-Zdrój,1468,1498,2004,7,1810,1858,0,90
2024-02-27,PL,1418,BOS,Thị Trấn Hùng Quốc,NVL,Bazhu,1658,1878,1636,10,1528,1559,1,6
2023-12-02,PL,1563,POS,Marcabamba,ATL,Jaleswar,1718,1360,1989,4,1357,1976,0,1
2023-11-24,DL,1369,POS,Gang,ATL,Jiujianfang,1712,1386,1988,8,1440,1358,0,83
2024-05-29,AL,1654,BOS,Longnan,NVL,Campo Maior,1896,1647,1985,9,1533,1443,1,93
2023-12-28,DL,2064,POS,Liuzhi,ATL,Bijela,1450,1385,1442,9,1925,1835,0,39
2024-07-26,AL,2028,POS,Baima,NVL,Bourg-en-Bresse,1576,1966,1520,6,1696,2000,1,60
2024-03-05,DL,1759,POS,Ban Chalong,ATL,Narail,1717,1379,1662,7,1608,1619,0,67
2024-07-23,AL,1695,BOS,Oenam,NVL,Libao,1425,1543,1612,7,1924,2056,0,50
2024-01-09,PL,1912,POS,Montasik,NVL,Jiangbu,1426,1935,1497,9,1689,1861,1,15
2024-07-22,PL,1960,POS,Waturoka,NVL,Cimitarra,1578,1755,1918,10,1606,1773,0,0
2024-05-24,PL,1653,POS,Zekou,ATL,Novosibirsk,1864,1668,1624,4,1775,1891,1,29
2024-02-25,DL,1570,POS,Fordon,ATL,Ganjaran,1522,1669,1841,6,1999,1717,0,92
2024-06-07,DL,1440,BOS,Shuitianzhuang,NVL,Vladimir,1465,1734,1568,1,1395,1638,0,13
2024-05-01,DL,1893,BOS,Kotel,NVL,Thessalon,1350,1947,1476,1,1995,1635,0,60
2024-01-01,PL,1538,BOS,Shimada,NVL,Oporapa,1387,1669,1605,9,2035,1710,0,20
2024-06-20,PL,1869,BOS,Ivry-sur-Seine,ATL,Cisalak,1666,1342,2050,2,1829,1741,1,28
2023-10-04,AL,1913,POS,Klenica,ATL,Kaz,2058,1733,1380,5,1698,1554,1,91
2023-11-02,AL,1635,POS,Nemuro,ATL,Sviblovo,2005,2063,1963,2,2059,1532,1,22
2024-02-22,DL,1595,BOS,Qianpai,NVL,Bulembu,1719,1385,1366,1,1895,1624,1,34
2024-09-09,AL,1498,BOS,Loja,ATL,Hengbanqiao,1899,1763,1361,4,2034,1548,1,8
2024-07-05,DL,1973,BOS,Hatsukaichi,NVL,Naha-shi,1757,1897,2011,7,1975,1973,0,81
2023-10-07,PL,2033,POS,Sijiu,NVL,Qianjin,1521,1482,1833,8,1659,1398,1,66
2023-11-13,DL,1661,POS,Bucu Lor,ATL,Gaotan,1808,1783,1671,4,1925,1894,1,37
2024-04-25,PL,1625,POS,Yuanling,NVL,Florianópolis,1992,2050,1433,3,1491,1980,1,3
2023-12-08,AL,1872,POS,Göteborg,NVL,Beauvais,1571,1491,1730,10,1645,1408,1,99
2024-08-22,AL,1840,POS,Houston,ATL,Miami,1355,1923,1864,9,1964,1868,1,90
2024-06-26,DL,1997,POS,Lárdos,ATL,Minle,1814,1710,2063,2,1483,1836,0,91
2024-03-05,AL,1414,BOS,Ballyhaunis,ATL,Tamel,1612,1811,1998,6,1549,1864,0,19
2024-10-01,DL,1962,POS,Rungis,ATL,Staten Island,1892,1469,1427,10,1569,1456,1,77
2024-02-03,DL,1663,POS,Citeureup,NVL,Chernyakhovsk,1649,1595,1485,9,1437,1717,0,12
2023-10-27,PL,1900,BOS,Saarbrücken,NVL,Konārak,1622,1693,1557,2,1335,1957,0,12
2023-12-08,DL,1695,POS,Tuanchengshan,NVL,Kohāt,1343,1541,1927,10,1517,1669,0,8
2024-01-09,AL,1606,POS,Surup,NVL,Yakovlevo,2009,1393,2011,3,2000,2001,1,55
2024-04-21,DL,1441,BOS,Sveg,NVL,Waiwejak,1804,1479,1528,1,1844,1373,1,46
2024-05-21,DL,1607,POS,Sokol,ATL,Sulmierzyce,1946,1936,1628,6,2034,1599,1,18
2024-06-28,DL,1511,BOS,Pelym,ATL,Borūjen,1415,1453,1627,7,1822,1588,0,57
2023-11-17,AL,1886,POS,Manat,NVL,Tsaghveri,1754,2016,1615,10,1875,1513,0,60
2024-01-01,DL,1744,POS,Al Qubbah,ATL,Fenshui,2028,1751,1701,3,1501,1819,1,55
2024-01-24,PL,1609,BOS,Mossel Bay,NVL,Atsugi,1920,1415,1848,10,1520,1816,1,58
2024-08-08,DL,1848,POS,Lyon,ATL,Bukitkemuning,1576,1433,1653,7,2027,1752,1,3
2024-02-23,DL,1711,BOS,Sergeyevka,ATL,Manay,1724,1998,2021,8,1737,1489,0,6
2024-05-23,PL,1638,POS,Laidian,ATL,Gumel,1750,1787,1337,2,1578,1454,1,39
2024-04-15,DL,1710,BOS,Goianira,NVL,Daojiang,1862,1763,1953,9,1478,1671,1,94
2024-03-15,AL,1897,BOS,Xiaojiangba,NVL,Sukmoilang,2030,2028,1497,1,1904,1932,1,49
2024-05-20,DL,1797,BOS,Lingbei,ATL,Bāgh-e Malek,1746,1409,1753,5,1541,1566,1,7
2024-02-05,AL,1970,BOS,Żyrardów,ATL,Lopar,1389,1715,1972,3,2046,1428,0,83
2023-10-09,AL,1724,POS,Martanesh,NVL,Shunyi,1379,1864,2002,4,1587,1619,1,68
2024-03-16,AL,1886,POS,Cervantes,NVL,Jorok Dalam,1964,1838,1507,10,1737,1926,0,84
2024-07-10,AL,1413,BOS,Anse Royale,NVL,Monteros,1619,1831,1883,5,1574,1725,1,52
2024-09-12,DL,1566,POS,Simbal,ATL,Otradnyy,2064,1747,1608,6,1630,1938,0,72
2024-07-22,DL,2063,BOS,Bù Đốp,ATL,Kalāleh,1408,1493,1393,2,1566,1990,1,85
2024-04-19,PL,1399,POS,Bijaepasu,NVL,Lanipao,1606,1819,2020,8,1674,2052,0,22
2024-04-12,AL,1513,POS,Hongshan,NVL,Gongli,1393,1831,1807,3,2058,1370,1,65
2023-11-21,PL,1507,BOS,Kopayhorod,NVL,Itumbiara,2042,1611,1452,7,1927,1828,1,38
2023-12-30,DL,1786,POS,Wanjiazhuang,NVL,San Andres,1705,1487,1695,4,1506,1770,0,13
2024-06-04,PL,1855,BOS,Stockholm,ATL,Creil,1510,2056,1734,10,1410,2012,1,59
2023-12-16,PL,1982,BOS,Xinshi,NVL,Munkfors,1976,1553,1377,8,1405,2065,0,20
2023-12-23,PL,1644,BOS,Santa Fe,NVL,Novoishimskiy,1574,1363,1535,5,1600,1819,1,2
2024-06-23,DL,1571,POS,Timbó,NVL,São José de Mipibu,1378,1707,1467,1,1870,1791,0,57
2023-12-13,PL,2002,BOS,Tehrān,ATL,Mehron,1648,1538,1361,8,1797,1404,0,13
2024-08-11,AL,1488,BOS,Khārān,ATL,Alcabideche,1986,1787,1971,4,1877,1794,0,94
2024-06-21,DL,1534,BOS,Tsaghkahovit,ATL,Gamping Lor,2014,1826,2024,2,1986,1913,0,30
2024-04-27,PL,1511,BOS,Xushan,ATL,Guantian,1622,1495,1874,10,1639,1430,0,67
2024-05-17,DL,1695,BOS,Mursaba,NVL,Nova Petrópolis,1704,1424,1371,5,1382,1736,1,39
2024-08-09,AL,1850,POS,Tombu,ATL,Salt Lake City,1550,1951,2032,4,1708,1404,1,60
2023-11-10,AL,2005,BOS,Selínia,ATL,Ágios Spyrídon,2061,1868,2056,1,1484,1595,0,93
2024-09-01,DL,1926,POS,Xin’an,ATL,Ar Rawnah,1528,1856,1697,6,1575,1711,0,81
2024-02-17,AL,2008,POS,Herrán,ATL,Tuusula,1578,1467,2023,1,1767,1469,0,62
2024-06-18,DL,1727,POS,Balud,NVL,Kochevo,1485,1520,2056,4,1929,1547,1,91
2023-11-11,PL,1428,BOS,Buket Teukuh,ATL,Gromnik,1939,1907,1962,4,1848,1430,0,11
2024-09-14,PL,1885,POS,Alquerubim,ATL,Tsimlyansk,1477,1548,1799,8,1910,1891,0,41
2024-09-01,DL,1959,BOS,San Francisco de Macorís,NVL,Al Jīzah,1461,1345,1651,10,1432,1566,1,87
2024-04-05,PL,1810,POS,Neob,NVL,Pragen Selatan,1384,1477,1335,7,1825,1556,1,92
2024-06-27,DL,1791,BOS,Hongshanyao,NVL,Nakhon Si Thammarat,1807,1361,1819,6,1844,1749,0,10
2024-04-06,AL,1433,BOS,Columbia,NVL,Cerenti,1948,1519,1710,2,2039,1683,0,40
2024-05-17,AL,1393,POS,Psary,NVL,Horní Čermná,1381,1505,1617,7,1524,1961,0,88
2024-07-20,DL,1977,BOS,Čerčany,ATL,Lantian,1783,2027,1364,10,1481,1352,0,22
2023-12-07,AL,1806,POS,Slobodnica,NVL,Gotse Delchev,1408,1378,1347,9,1506,2012,1,58
2024-02-19,PL,1835,BOS,Xietang,ATL,Lomme,2060,2042,1739,5,1578,1532,0,29
2024-04-15,DL,1351,POS,Rassvet,ATL,Thị Trấn Hát Lót,1451,1470,1829,3,1677,1604,0,47
2023-11-02,PL,1578,BOS,Zaragoza,ATL,Corozal,1787,1365,1531,7,1887,1925,0,53
2024-07-02,AL,2004,BOS,Zürich,NVL,Morelos,1968,1804,1980,7,1998,1851,1,20
2023-11-23,PL,1469,BOS,Pakham,ATL,El Cairo,1863,1421,1500,10,2055,2009,0,48
2023-12-31,PL,1655,POS,Jangas,NVL,Şaydnāyā,1702,1730,2030,9,1992,1562,0,56
2024-08-02,DL,1761,POS,Volodymyr-Volyns’kyy,ATL,Margotuhu Kidul,1864,1813,1826,4,1735,1345,1,25
2024-03-04,PL,1981,BOS,Jaguariaíva,ATL,Daqingshan,1440,1766,1885,4,1406,1583,0,40
2023-11-16,PL,1964,BOS,Bzou,ATL,Strelka,1840,1907,1751,2,1411,1950,0,59
2024-01-09,DL,1978,BOS,Stratford,ATL,Lobatse,1798,1939,1976,3,1858,2049,0,42
2024-05-26,AL,1883,POS,Stradbally,ATL,Semerak,1877,1764,1473,8,2032,1475,1,33
2024-02-07,DL,1868,BOS,Fafe,NVL,Dzaoudzi,1784,1386,1854,4,1885,2012,1,21
2024-07-30,PL,1748,POS,Pniewy,ATL,Monte Leite,1464,2049,1385,9,1879,1358,1,45
2024-07-24,DL,1941,POS,Przodkowo,ATL,Petrozavodsk,1515,1335,1852,3,1444,1833,0,21
2024-01-02,AL,1797,BOS,Daming,NVL,Fort-de-France,1889,1550,1502,6,1433,1629,1,44
2024-01-03,AL,1809,BOS,Casais,NVL,Niedercorn,1383,1648,1999,2,1930,1915,0,76
2024-07-11,PL,1949,POS,Hualfín,ATL,Tambov,1559,1720,1770,10,2029,1526,0,100
2024-01-11,PL,1605,POS,Baratan,NVL,Rio Covo,1526,1850,1859,5,1422,1696,0,38
2024-08-08,PL,1522,BOS,Sumbergayam,NVL,Forécariah,1463,1573,1813,1,1495,1454,0,49
2024-05-12,AL,1849,POS,Tongouson,ATL,Ryki,1695,2044,1644,8,1620,1923,0,39
2024-08-18,DL,1684,POS,Sapol,ATL,Alejandro Roca,1691,2007,1690,2,1594,1881,1,99
2024-01-06,PL,1731,POS,Ocongate,NVL,Santa Maria da Vitória,1367,2021,1537,9,1802,1708,1,48
2024-04-19,AL,1567,POS,Nanggewer,NVL,Masindi,2033,1447,1582,5,1984,1677,1,51
2024-07-27,AL,1405,BOS,Mutoko,NVL,Xiushi,1597,1750,1991,10,1958,1334,0,4
2024-09-25,PL,1746,BOS,Kalianda,NVL,Roi Et,1623,1375,1582,5,1450,1794,0,60
2024-05-21,DL,1853,POS,Yukou,NVL,Long’anqiao,1691,1572,1656,8,1829,1942,0,83
2023-12-06,PL,1420,BOS,Neiguan,ATL,Laem Sing,1938,1889,1741,1,1504,1375,0,66
2024-01-09,AL,1718,POS,Langtou,ATL,Tulay,2053,1599,1850,10,1951,1973,1,74
2024-09-12,PL,1965,BOS,Belozërskoye,NVL,Litian,1585,1687,1413,5,1948,1353,1,49
2024-06-21,PL,1758,BOS,Le Mans,NVL,Junglinster,1336,1762,1812,4,2000,1555,0,48
2024-09-21,PL,1579,BOS,Camino Real,NVL,Velikiye Luki,1867,1965,1932,1,1647,1439,1,19
2024-07-19,AL,1688,BOS,Hualong,ATL,Shimotoda,1687,1500,1925,6,2023,1689,1,83
2023-11-16,PL,1903,POS,Zaïo,ATL,General Alvear,2053,1394,1406,1,2017,2048,1,53
2024-01-20,AL,1668,BOS,Xiajiashan,NVL,Alegria,2043,1837,1355,9,1401,2062,0,18
2024-09-02,PL,1597,POS,Mayingzhuang,NVL,Suva Reka,2002,1390,1859,6,1875,1602,1,1
2024-08-13,PL,1436,POS,Liangli,NVL,Anto,1786,1497,1556,9,1942,1835,1,14
2023-11-19,PL,1410,BOS,Villeneuve-la-Garenne,ATL,Shijing,1880,1749,1718,5,1890,1656,1,81
2024-05-01,DL,1732,BOS,Novo-Peredelkino,NVL,Senovo,1616,1580,1638,6,1863,1379,0,91
2024-06-19,DL,1763,POS,Starobelokurikha,ATL,Buri,2024,1668,2065,5,1546,1699,0,90
2024-08-17,AL,1980,BOS,Cahuac,ATL,Helong,1893,1736,1721,6,1901,1923,1,13
2024-04-24,DL,1458,BOS,Pomar,ATL,Tuchomie,1556,1346,1554,7,1635,1791,1,76
2024-07-13,DL,1356,POS,Biloxi,NVL,Juvisy-sur-Orge,1932,1982,1494,9,1888,1438,1,93
2024-04-11,DL,1630,BOS,Kobiernice,ATL,Brezovica,1501,1645,1343,8,1486,1851,0,91
2023-12-26,AL,1545,POS,Taibai,ATL,Lewobelek,1671,1498,1798,6,1820,1468,0,6
2024-10-01,DL,1414,POS,Ikedachō,NVL,Xiashu,1700,2055,1971,4,1756,1611,0,38
2024-01-21,AL,1355,BOS,Enschede,ATL,Yanac,1750,1737,1591,5,1743,1777,0,81
2024-05-29,AL,1498,BOS,Dongshangguan,NVL,Los Fresnos,1402,1460,1486,10,1678,1386,0,17
2024-07-26,AL,1477,POS,Shuigou,ATL,Baochang,1553,1553,1966,3,1788,1650,1,84
2024-08-31,DL,1914,BOS,Chigorodó,ATL,São Mamede de Infesta,1757,1516,1410,1,1983,1513,0,55
2024-03-05,DL,1724,BOS,Sens,ATL,Outeiro,1369,1860,1424,1,1625,1784,1,79
2023-12-10,AL,1892,BOS,Oliveirinha,NVL,Saint-Claude,1777,2012,1890,5,1792,1387,1,64
2024-03-09,AL,2009,POS,Xudat,ATL,Iwye,1579,1766,1552,9,1741,2032,0,56
2024-02-11,AL,1992,POS,Golem,ATL,Kropotkin,2037,1573,1683,1,1716,1746,1,30
2024-02-01,AL,1549,POS,Samagaltay,NVL,Ganxi,1368,1899,1518,2,1391,2057,0,12
2024-03-06,PL,1343,POS,Ibiúna,ATL,Pengwan,2040,1816,1445,1,1896,1393,1,49
2024-08-06,PL,1492,BOS,Tacheng,ATL,Chelgard,1692,1828,1741,8,1352,1737,0,67
2024-08-23,PL,1971,BOS,Mizhou,NVL,Vila Flor,1556,1781,1558,1,2019,1924,1,24
2023-12-16,AL,2061,POS,Lelydorp,NVL,Bacun,1741,1972,2056,6,1720,1722,0,90
2023-12-13,PL,1746,POS,Pittsburgh,ATL,Lương Bằng,1681,1814,1909,2,1578,1369,0,81
2024-07-17,AL,2005,POS,Changle,ATL,San Agustín,1736,1547,1699,6,1967,1851,0,61
2024-03-20,DL,1569,BOS,Mayo,ATL,Hudiksvall,1587,1673,1740,8,1474,1886,1,86
2024-06-17,AL,1334,POS,Abreu e Lima,NVL,Gotemba,1537,1831,1946,9,1911,2045,1,74
2024-05-22,AL,1848,BOS,Liuzu,ATL,Arma,2029,1523,1732,7,1969,2015,0,0
2024-07-29,DL,2000,BOS,Nkove,NVL,Kumla,1793,1456,1677,4,1998,1463,1,50
2024-01-02,DL,1385,BOS,Nueva Manoa,ATL,Al Khirāb,1935,1387,1502,10,1985,1440,1,68
2023-12-10,PL,1991,BOS,Thị Trấn Nước Hai,ATL,Keli,1386,1930,1832,8,1471,1917,1,55
2024-07-25,AL,1483,BOS,Dengfang,NVL,Aborlan,1824,1588,1775,4,1856,1499,0,67
2024-04-29,PL,1709,POS,Verkhniy Avzyan,NVL,Graneros,2045,1711,1561,2,2007,1781,0,5
2024-07-27,DL,1799,BOS,Nyzhnya Krynka,NVL,Princeville,1715,1541,1926,8,1470,1934,1,86
2024-05-27,DL,1755,BOS,Sawahrandu,ATL,Kaset Wisai,1897,1420,1688,10,1463,1727,0,4
2023-10-24,PL,2065,POS,Fontenay-sous-Bois,ATL,Hengdong Chengguanzhen,1339,1736,1895,10,1534,1450,1,39
2024-06-20,DL,1573,BOS,Tangwang,ATL,Tianfen,2063,1465,1787,9,1931,1709,0,33
2023-11-09,DL,1675,POS,San Eugenio,ATL,Bełchatów,1707,1942,2005,9,1724,1409,0,51
2024-08-28,AL,1778,POS,Gort,ATL,Poços de Caldas,2036,1966,1474,10,1768,1763,0,99
2023-11-21,PL,1441,BOS,Rajhrad,NVL,Shalazhi,1726,1505,1933,2,1595,1511,1,83
2024-02-19,AL,1952,BOS,Vilkaviskis,ATL,Shanmuqiao,1810,1868,1563,1,1379,1672,1,4
2024-05-25,PL,1939,BOS,Longqiao,ATL,Tía Juana,1766,1425,1367,3,1490,2028,0,69
2023-10-09,PL,1388,POS,Mitrovicë,ATL,Santa Rosa,1970,1855,1419,2,2054,1834,1,68
2024-07-14,PL,1554,BOS,Phra Nakhon Si Ayutthaya,NVL,Shajing,1944,1388,1490,3,2016,1664,0,28
2024-03-16,AL,1446,BOS,Hutag,NVL,Chengdong,1595,1726,1489,10,1833,1466,0,23
2024-07-10,PL,1958,POS,Zhaiwu,ATL,Jablonné nad Orlicí,1436,1757,1892,7,1845,1742,0,40
2024-09-13,DL,1482,POS,La Reforma,ATL,Tall aḑ Ḑamān,1406,1636,1655,3,1428,1628,0,64
2024-04-12,PL,2031,BOS,Banyubang,ATL,Sasar,1521,2017,1348,3,1425,1433,1,63
2024-02-06,DL,1461,BOS,Velké Hoštice,NVL,Orosh,1400,1510,1717,8,1567,1514,1,12
2023-10-23,DL,1855,POS,Paseh,ATL,Arbais,1716,1607,1932,6,1763,1602,1,71
2023-10-15,PL,1561,BOS,Yangzi Jianglu,NVL,Araraquara,1623,1561,1411,5,1885,1905,0,79
2024-09-27,AL,1743,BOS,San Isidro,NVL,Telengsari,1654,1966,1506,4,1810,1862,1,11
2024-03-01,DL,1754,POS,Łąck,ATL,Chenjiahe,2012,1502,1819,6,1490,1514,0,71
2024-02-25,DL,1443,BOS,Parczew,NVL,Soutelo,1702,1836,1882,6,1958,1379,0,68
2024-05-01,PL,1953,BOS,Waldbredimus,NVL,Sanhui,1965,2055,2017,8,1987,1379,1,51
2024-09-29,DL,1634,POS,Batur Kidul,NVL,Nakhodka,2015,1477,1963,5,1894,1560,0,15
2024-05-24,PL,2034,BOS,Mirzāpur,NVL,Estancia,2043,1596,1629,3,1389,1866,1,64
2024-06-10,AL,1444,POS,Pavia,NVL,Bangui,1617,1946,1722,1,1562,1656,1,89
2024-05-03,PL,1816,POS,Thuận Nam,ATL,Leiden,2052,1837,1461,3,2001,1823,0,29
2024-07-19,DL,1809,POS,Tanashichō,ATL,Vila Alva,1553,1348,1470,7,2004,1899,1,26
2024-01-08,PL,1448,BOS,Langxi,NVL,Jarada,1550,1999,1913,10,1898,1676,1,70
2024-03-14,AL,1510,POS,Karangarjo,NVL,Angren,2009,1380,1691,3,1381,1729,0,78
2024-06-30,PL,1414,POS,Gabès,ATL,Taimaman,1602,1848,1908,7,1590,1486,0,19
2024-05-20,PL,1800,POS,Ciudad Bolivia,ATL,Gaillac,1408,1737,1831,5,1665,1712,1,79
2023-10-11,AL,2062,POS,Hengshan,ATL,Brescia,1780,1569,1601,5,2034,1722,1,61
2024-07-02,DL,2050,POS,Engel’s,ATL,Junkou,2053,1702,1471,8,1769,1709,1,69
2024-01-11,AL,1471,POS,Thayetmyo,ATL,Orléans,1916,1992,1930,1,1975,2032,0,78
2024-06-16,AL,1570,BOS,Buenavista,NVL,Järfälla,1447,1619,1868,6,1346,1581,0,81
2023-10-22,DL,1891,POS,Yumaguzino,ATL,Jingning Chengguanzhen,1497,2036,1663,5,1583,1420,1,2
2024-09-22,AL,1915,POS,Malaya Dubna,ATL,Yingde’er,1542,1751,1690,10,1885,1639,1,33
2024-05-17,PL,1339,BOS,Jiabei,NVL,Buzhakan,1570,1736,1872,10,1366,1778,0,79
2024-05-04,PL,1890,POS,Zhen’an,NVL,Koten,1559,1669,1357,5,1945,1445,1,30
2024-06-22,AL,1603,POS,Chyšky,ATL,Malanville,1535,2031,1782,1,1585,1768,0,21
2023-12-05,DL,1352,POS,Kampungtengah,ATL,Baykonyr,1596,1856,2020,3,1999,1541,0,90
2024-07-20,PL,1425,BOS,Aimin,ATL,Donetsk,1718,1376,1393,1,1660,1787,1,42
2023-10-04,AL,1361,BOS,Baytīn,NVL,Condoroma,2061,1677,1861,8,1825,2015,0,49
2024-06-02,DL,1762,POS,Jiquilillo,ATL,Luozhuang,1514,1503,1897,10,1551,1349,0,47
2024-06-03,DL,1652,POS,Lubu,NVL,Casal de Cambra,1623,1800,1738,3,1503,2025,1,94
2023-10-23,PL,1637,BOS,Changlin,NVL,Huaping,1911,1948,1392,8,1785,1421,0,47
2023-10-30,DL,1847,BOS,Tiadiaye,NVL,Pemex,1834,1476,1927,6,1757,2016,0,76
2024-05-23,PL,1606,BOS,Lyambir’,ATL,Sonlit,1772,1369,1648,3,1777,1668,1,14
2024-04-08,AL,1991,BOS,Novovoronezh,ATL,Al ‘Azīzīyah,2002,1584,1374,5,1726,2018,0,91
2023-10-21,DL,1740,BOS,Banshu,NVL,Longxing,1729,2040,2007,8,1429,1646,0,39
2024-09-03,DL,1581,BOS,Tangxi,ATL,Karapyshi,1437,1847,1541,10,1807,1406,0,47
2024-09-09,PL,1531,POS,Armenia,ATL,Mulyo,1357,1773,1580,1,1405,1528,0,5
2024-01-11,DL,1854,POS,Sanghan,NVL,Jarinu,1427,1771,1480,3,1957,1905,1,2
2024-01-24,AL,1567,BOS,Alcainça,ATL,Shubenka,1834,1995,1549,5,1379,1420,1,24
2024-01-26,PL,1750,BOS,Södertälje,NVL,Triesenberg,1905,1483,1863,8,1659,2063,1,3
2024-08-29,PL,1902,POS,Oslo,NVL,Puro Pinget,1508,1420,1472,3,2039,1570,0,4
2024-05-24,DL,1417,BOS,Cacocum,ATL,Jingmen,1935,1943,1588,2,1383,1683,0,46
2024-04-03,AL,2050,POS,Bagou,ATL,Toledo,1353,1583,1706,7,1609,1967,1,78
2024-06-14,AL,1902,POS,Cali,ATL,Krasnogorskiy,1583,1384,1834,2,1926,1894,1,33
2024-08-25,DL,1768,BOS,Kazanlŭk,ATL,Votorantim,2042,1424,1692,3,1722,1961,0,86
2024-01-06,PL,1365,BOS,Ölgiy,NVL,Gaoqiao,1581,1964,1986,8,1660,1848,0,52
2024-04-24,PL,1892,POS,Yanchi,NVL,Oslo,1844,1612,1929,6,1996,2007,0,69
2024-09-21,PL,2032,POS,Caramanta,NVL,Luoping,1365,1342,1793,1,1367,1935,1,53
2024-02-05,AL,1606,BOS,Eloúnda,ATL,Náfplio,1706,1605,1964,10,1626,1370,0,16
2024-03-12,AL,1578,POS,Padangtiji,ATL,Dogondoutchi,1541,1670,1763,6,1941,1746,1,32
2024-03-30,DL,1994,BOS,Dĩ An,ATL,Tyrnyauz,1414,1338,1364,2,1379,1339,0,72
2024-08-12,DL,1413,BOS,Okayama-shi,NVL,Partille,1462,1971,2058,6,1474,1667,0,68
2024-02-28,DL,1428,POS,Sinarjaya,ATL,Oenaik,2021,1856,1468,2,1985,1540,0,99
2023-12-21,AL,1670,POS,Dondo,ATL,Ji’an,1889,1788,1546,5,1410,1923,1,64
2024-09-29,AL,1755,BOS,Brdów,NVL,Calubcub Dos,2034,1926,1544,3,1758,1698,0,91
2024-08-12,AL,1825,POS,Baisha,NVL,Huangtan,1649,1483,1632,7,1775,1490,0,2
2024-04-17,DL,1642,BOS,Mutum Biyu,NVL,Nogueira,1945,1940,1845,3,2043,1839,0,19
2024-01-06,AL,1623,BOS,Rumphi,ATL,Benešov,1915,1517,1732,10,1433,1520,0,89
2024-08-01,DL,1508,BOS,Santa María Chiquimula,NVL,Glempang Tengah,1865,2021,1935,7,1867,1872,1,32
2024-02-05,AL,1883,POS,Edsbyn,ATL,Czarnocin,1952,1882,1490,3,1929,1585,1,42
2024-02-07,PL,1752,POS,Catriló,NVL,Matsue-shi,1469,1954,1692,3,1603,1577,0,81
2023-11-11,DL,1623,POS,Tommot,ATL,Flores da Cunha,1935,1617,1516,7,1385,1709,0,96
2023-11-13,DL,1633,BOS,Émpa,NVL,Sambong,1926,1498,1601,10,1510,1416,1,43
2024-10-01,PL,1775,BOS,Monastyrishche,NVL,Tivat,1602,1787,1426,2,1384,1754,1,65
2023-11-16,AL,1438,POS,Nam Som,ATL,Chatturat,1576,1499,1624,8,1560,1498,0,59
2023-12-03,PL,1905,POS,Fulu,ATL,Sidaohezi,1621,1746,2020,6,1455,1984,1,53
2024-04-28,AL,1784,BOS,Chełmiec,NVL,La Plata,1774,1946,1848,2,1530,1670,0,9
2023-10-02,DL,1657,BOS,Tarko-Sale,ATL,Uppsala,1719,1624,1387,4,1845,1739,0,0
2024-01-15,PL,1564,BOS,Vetlanda,NVL,Fornelos,1990,1363,2044,1,1722,2043,1,55
2024-03-08,AL,2049,POS,Choya,NVL,Igarapé Açu,1693,2025,1569,7,1713,1344,0,21
2024-06-02,DL,2007,BOS,Yanhu,ATL,Águas Vermelhas,1514,1921,1363,9,1433,1849,1,14
2024-05-05,AL,1556,POS,Utrecht (stad),ATL,Orsha,1580,1918,1389,7,1346,1929,0,24
2024-09-03,AL,1550,BOS,Kyprínos,ATL,Jinzhou,1877,1735,1389,2,1822,1641,0,53
2024-02-11,PL,1603,BOS,Mapiri,ATL,Guamal,1779,1683,1527,2,1397,1949,1,36
2024-06-23,DL,1777,BOS,Wingham,ATL,Madrid,1745,1801,2041,4,1575,1508,0,82
2024-09-15,AL,1835,BOS,Piritiba,NVL,Zhengchang,1388,1601,1450,10,1946,1641,0,23
2024-04-28,PL,2064,POS,Sungaipuntik,NVL,Kil’mez’,1854,1937,1483,3,1500,1672,0,24
2024-02-19,AL,1520,BOS,Nová Paka,NVL,Raczki,2000,1637,1830,7,1459,2011,1,20
2024-08-06,PL,1725,POS,Le Mans,ATL,Huantuo,2031,2005,1437,1,1547,2039,0,48
2024-04-14,AL,1990,BOS,Rudolfov,ATL,Gizo,1946,2008,1400,8,1835,1537,0,78
2024-09-24,PL,1852,POS,Vil’nyans’k,NVL,Zipárion,1873,1933,1990,7,1481,1369,0,10
2024-04-27,DL,1939,BOS,Jönköping,ATL,Simao,1558,1358,1487,5,1705,1995,1,74
2024-09-08,DL,1697,POS,Makarska,ATL,Xinglong,1425,1721,1584,3,1420,1929,1,71
2024-01-17,AL,1403,POS,Vientiane,NVL,Permas,1552,1410,1678,2,1424,1601,1,16
2023-10-06,PL,1503,BOS,Austin,NVL,Minokamo,1893,1904,2014,5,1992,1946,1,70
2023-11-25,DL,1505,POS,Lasek,NVL,Hexing,1556,1666,1858,4,1677,1932,0,67
2024-08-29,AL,1457,POS,Baykonyr,NVL,Muliang,1805,1677,1354,10,1840,1996,1,96
2023-11-30,PL,1676,POS,Khiwa,ATL,Niort,1737,1940,1894,7,1796,1456,0,75
2024-09-29,PL,1761,POS,Hebu,NVL,Shitan,1972,1714,1394,9,1680,1481,1,22
2024-02-11,AL,1607,BOS,Pointe-à-Pitre,ATL,Cikandang,1493,1789,1939,3,1927,1735,0,84
2023-11-07,DL,1742,BOS,Nonoichi,NVL,Minle,1453,1753,1541,2,2015,1341,0,86
2023-12-21,AL,1573,BOS,Pansoy,ATL,Ban Thaen,1448,1348,1347,8,1864,1677,0,27
2024-07-16,PL,1491,POS,El Progreso,ATL,Magallanes,1745,1570,1586,3,1734,1570,0,13
2024-06-04,PL,1456,POS,Oslo,ATL,Takatsuki,2052,1397,1941,2,1654,1541,1,8
2024-01-05,DL,1482,BOS,Mulan,NVL,San Teodoro,1457,1908,1442,7,1417,2028,1,79
2024-01-08,AL,1583,BOS,Skiáthos,ATL,Badu,1601,1584,1920,6,1997,1741,1,30
2024-01-06,PL,1670,BOS,Rudniki,NVL,Fiães,1938,1675,1709,10,1386,1660,1,56
2024-08-10,AL,1401,POS,Chichigalpa,NVL,Ricardo Palma,2025,1599,1603,6,1553,1792,1,97
2024-04-28,PL,1862,BOS,Greensboro,ATL,Kotatengah,1410,1836,2049,4,1877,1561,0,59
2024-03-22,PL,1650,BOS,Żyrardów,ATL,Dazhipo,1610,1994,1805,9,1743,1355,1,74
2023-10-25,AL,1867,POS,Oguta,ATL,Sacramento,1735,1706,1389,4,1459,1503,0,27
2024-02-27,DL,1972,BOS,Sokhumi,ATL,Borås,1593,1623,1977,7,2002,1830,1,89
2024-07-10,PL,1360,POS,Konde,NVL,San Isidro,1845,1841,1471,6,1536,1901,0,84
2024-06-26,AL,1636,POS,Nezlobnaya,NVL,Bouna,1745,1822,2032,6,1408,1558,0,35
2024-06-16,PL,2014,BOS,San Pedro One,NVL,Muyinga,1472,1760,1719,5,1586,1642,0,4
2024-02-07,AL,1854,BOS,Aix-en-Provence,NVL,Suban,1874,1760,1535,1,1566,1628,0,63
2024-08-13,AL,1700,BOS,Wintzenheim,NVL,Bandung,1440,1990,1347,8,1695,1393,0,2
2024-01-13,AL,1707,POS,Parizh,ATL,Kuching,1342,1774,1359,3,1537,1925,1,1
2024-08-28,PL,1502,BOS,Štore,NVL,Cancas,1399,1672,1908,7,1890,1504,0,55
2024-03-17,DL,1477,BOS,Pangpang,ATL,Galle,1715,1901,1540,3,1440,1908,0,7
2023-10-15,PL,1672,BOS,Vitarte,NVL,Jarānwāla,1865,1731,1597,10,1413,1853,0,89
2024-04-20,AL,2005,POS,Pisaras,ATL,Wadung,1638,1944,1751,3,1492,2052,0,27
2023-11-21,AL,1769,POS,Raduzhnyy,NVL,Shiyang,1963,1788,1452,5,1620,1671,1,14
2023-12-23,DL,1969,BOS,Milín,ATL,Malabor,1609,1652,1993,1,1934,2023,1,14
2024-01-04,PL,1994,BOS,Cimonyong,ATL,Siaton,1740,1360,1729,6,1348,1399,1,14
2024-01-03,AL,1538,POS,Murfreesboro,NVL,Oesapa,1650,2034,1482,10,1423,1373,0,5
2023-12-01,PL,1705,POS,Sibreh,NVL,Dom Pedrito,2061,1691,1372,5,1621,1745,1,69
2024-04-01,AL,1779,POS,Alkmaar,ATL,Sawoi,1719,1525,2029,3,1843,1815,1,87
2024-01-07,AL,1382,POS,Peuteuy,ATL,Shāhīn Dezh,1776,1468,1759,9,1494,1925,1,73
2024-09-17,AL,1590,BOS,Thị Trấn Mường Khến,NVL,Somovo,1547,1983,1990,6,1997,1546,0,19
2024-06-15,AL,1987,POS,Chachoengsao,ATL,Plagiári,1925,1459,1560,8,1770,2012,0,27
2024-05-10,AL,1637,POS,Ts’khinvali,ATL,Verkhn’odniprovs’k,2060,1599,1898,6,1473,1772,1,30
2023-10-15,AL,1479,POS,Isawa,ATL,Dajabón,2030,2065,1458,4,1834,2061,1,59
2024-01-19,DL,2064,POS,Yeyik,NVL,Chantilly,1922,1682,1550,5,1396,1800,1,61
2023-10-25,DL,1989,BOS,Šestajovice,ATL,Dambulla,1501,1851,1948,8,1427,1917,1,9
2024-08-15,AL,1395,POS,Estancia,ATL,Shifan,1739,1883,1886,3,1724,1466,0,90
2024-04-10,PL,2000,POS,Padangpanjang,ATL,Talanga,1499,1775,1922,8,1849,1743,0,63
2023-11-15,AL,1656,POS,Pingtang,ATL,Kalej,1791,1507,1470,10,1845,1986,0,18
2024-04-12,DL,1787,POS,Fort Worth,ATL,Lazaro Cardenas,1610,1580,1974,1,1372,1602,0,52
2024-01-09,PL,2063,POS,Luwingu,NVL,Jindu,1916,1570,1943,2,1996,1761,1,53
2023-11-09,PL,1955,BOS,Jiaotang,ATL,Des Moines,1823,1693,1545,7,1917,1412,0,79
2023-11-04,DL,1818,BOS,West Palm Beach,ATL,La Cruz de Río Grande,1615,1447,1405,9,1753,1561,1,72
2024-04-16,DL,1390,POS,Chian Yai,ATL,Komsomol’skiy,1518,1594,1662,4,1972,1692,0,54
2024-09-26,DL,1830,BOS,Kilkís,ATL,Santa Cecília,1987,1429,1874,6,1871,2016,0,12
2024-03-08,DL,1803,BOS,Gaigeturi,ATL,Chenjiatan,1816,1867,1396,2,1445,1828,1,82
2024-06-15,PL,2008,BOS,Sampit,NVL,Nuwaybi‘a,2021,1971,1584,4,1762,1917,0,54
2024-06-19,AL,1565,BOS,Helmsange,ATL,Bharatpur,1991,1945,1645,2,1902,1617,1,24
2023-12-18,PL,1580,BOS,Huanglong,ATL,Palaiseau,1535,1609,1935,2,1622,2030,0,100
2024-06-21,PL,2048,POS,Mojorembun,ATL,Orlovo,1883,1998,1831,9,1402,1708,0,81
2024-07-18,PL,1656,BOS,Staraya Kulatka,NVL,Cidamar,1665,2011,1919,9,1942,1773,0,34
2024-05-01,PL,1594,POS,Loandjili,ATL,Yushang,1962,1967,2048,7,1354,1461,0,24
2024-08-14,AL,2054,BOS,Orléans,ATL,Karangpaningal,1598,1985,1336,4,1962,1392,0,66
2024-01-20,DL,1611,POS,Falāvarjān,ATL,Korba,1809,1573,1884,2,1414,1749,0,60
2023-10-07,PL,1947,BOS,Yiliu,NVL,Ngrejo,1941,1918,1348,6,1429,1526,0,94
2024-05-29,DL,1391,BOS,Starychi,ATL,Skinnskatteberg,2008,1363,1932,9,1926,1934,1,50
2023-11-08,DL,2015,POS,Bukuru,NVL,Burns Lake,1872,1938,1626,2,1799,1691,0,86
2024-01-25,DL,1350,POS,Avellaneda,NVL,Břasy,1337,2060,1697,5,1506,1593,0,84
2023-12-28,PL,1678,BOS,Takāb,ATL,Washington,1740,1628,1383,8,1619,1388,0,12
2024-09-27,DL,1442,BOS,Obo,NVL,Sulyukta,1391,1383,1433,1,1368,1580,0,78
2024-03-10,DL,1786,BOS,Radostowice,NVL,Nanxinxiang,1855,1510,1939,6,1537,1894,0,93
2024-07-05,DL,1453,POS,Padangtikar,NVL,Negararatu,1703,1558,1845,10,1636,1752,0,68
2024-03-25,DL,1609,POS,Carrazeda de Ansiães,ATL,Banraeaba Village,1946,1409,1708,9,1980,1543,1,49
2024-02-27,PL,1661,BOS,Ayamaru,NVL,Hamberang Sabrang,1992,2016,1333,6,1997,1434,0,59
2023-12-31,AL,1596,BOS,Dapeng,ATL,Hwaseong-si,1769,1636,1480,3,1802,1872,1,94
2023-12-09,DL,1901,BOS,Zarumilla,NVL,Mergayu,2043,1978,1827,4,1785,1540,0,23
2024-06-01,DL,1508,POS,Wotsogo,NVL,Qingzhou,1751,1443,1389,7,1942,1742,0,76
2024-09-05,DL,1828,BOS,Klwów,ATL,Nam Phong,1419,1628,2010,2,1582,1400,1,71
2024-07-22,AL,1910,POS,San Jose,NVL,La Clotilde,1580,1900,1956,3,1882,1441,0,61
2024-01-24,PL,1364,BOS,Caçapava do Sul,ATL,Zalţan,1740,1914,1796,5,1534,1831,0,5
2024-07-07,AL,1741,POS,Fryčovice,ATL,Larkird,1670,1985,1972,2,1802,1389,0,43
2024-04-28,AL,1798,BOS,Chimbote,ATL,Looc,1535,1531,1660,1,1578,1367,0,0
2024-09-07,AL,1647,POS,Kambia,NVL,Shevchenkove,1556,1479,1599,7,1604,1548,0,74
2024-04-05,AL,1805,BOS,Awilega,NVL,Pasadena,1358,1939,1340,1,2053,1910,1,62
2024-04-03,AL,1333,BOS,Guanshan,ATL,Pata,1652,1548,1415,8,1663,1576,1,15
2024-04-15,PL,1422,POS,Izobil’nyy,ATL,Avranches,1549,1688,1859,1,1773,1925,0,43
2024-07-03,DL,1398,POS,Sila,ATL,Xiaoduchuan,1488,1897,2062,3,1491,1973,0,52
2024-04-18,PL,1889,BOS,Funan Chengguanzhen,ATL,Río Grande,1825,1356,1400,5,1757,1489,0,89
2024-03-08,AL,1344,POS,Caitang,ATL,Ranong,1419,1870,1645,2,1518,1766,0,68
2023-10-30,DL,1901,BOS,Dongsheng,NVL,Banquero,1843,1900,1497,2,1356,1501,1,58
2024-01-20,AL,1618,POS,Wuhe Chengguanzhen,NVL,Piteå,1339,1762,1508,1,2019,2010,1,0
2023-11-21,AL,1997,POS,Quitilipi,ATL,Sukasetia,1999,1487,1844,5,1450,1815,0,51
2024-03-26,PL,1579,BOS,Shangdundu,NVL,Pärnu,1743,1481,1429,1,1779,2005,1,43
2024-04-07,PL,1982,BOS,San Javier,NVL,Mandala,1878,1438,1930,1,1830,1685,1,39
2024-08-02,DL,1536,POS,Ukhta,ATL,Gyangqai,1814,1833,1756,3,1646,1968,0,88
2024-06-18,PL,1372,BOS,Phitsanulok,ATL,Ayo,1343,1864,1627,9,1532,1356,1,9
2024-09-18,PL,1942,POS,Yoshikawa,NVL,Panghadangan,1511,1506,1505,2,1967,1533,0,40
2024-04-21,DL,2064,POS,Patani,ATL,Sainte-Geneviève-des-Bois,1455,1756,1618,8,2011,1767,0,47
2023-12-23,DL,1650,POS,Ostroměř,NVL,Kuala Tuha,1377,1659,1413,5,1751,2024,0,33
2023-10-20,PL,1983,POS,Vom,NVL,Huliao,1700,1417,1428,6,1334,1793,1,42
2024-06-20,PL,1681,POS,Yingzhou,NVL,Changsha,1960,1540,1653,1,1579,1651,1,18
2023-10-23,DL,1980,POS,Comrat,ATL,El Coco,1546,1380,1887,1,1450,1621,1,43
2024-09-27,DL,1878,POS,Guyancourt,NVL,Xiaofayi,1579,1900,1961,8,1353,1711,1,22
2024-07-31,AL,2000,BOS,Dorūd,NVL,Dimitrovgrad,1448,1973,1851,2,1731,1997,1,99
2024-08-08,AL,2029,POS,Sudoměřice,NVL,Balaklava,1758,1371,1422,1,1871,1868,1,32
2024-03-22,AL,1495,POS,Houxixi,NVL,Suqin Huimin,1628,1403,1488,8,1847,1616,0,79
2024-07-22,PL,2057,BOS,Tianzhu,NVL,Sabnie,1728,1793,1524,6,1704,1939,0,76
2023-11-21,DL,1964,BOS,Kukur,ATL,Kon Tum,1857,1433,1969,10,1964,1744,1,87
2024-09-24,DL,1912,BOS,Kan,ATL,Bonao,1913,1427,1455,5,1838,1644,0,14
2024-04-28,PL,1648,POS,Gwanda,ATL,Hanyū,1378,1433,2057,5,1518,1818,0,85
2024-04-22,DL,1980,BOS,Thị Trấn Vạn Hà,ATL,Huochezhan,1884,1993,1952,5,1504,2020,0,40
2023-12-26,DL,1835,BOS,Birmingham,ATL,Tanghu,1389,1472,1890,1,1428,1675,1,8
2024-02-17,DL,1771,BOS,Liuzhuang,ATL,Zhangduangu,2005,1916,1971,5,1902,1862,1,99
2023-12-03,DL,1766,POS,Jixiang,ATL,Rijau,1490,1633,1776,3,1961,1399,1,100
2024-06-05,DL,1393,BOS,Kaduela,NVL,Chambray-lès-Tours,1513,1412,1917,1,1773,1991,1,98
2024-06-24,DL,1686,POS,Notranje Gorice,ATL,Pakham,1680,1455,1697,3,2037,1684,1,7
2023-12-15,DL,1651,POS,Uppsala,NVL,Shuangkou,1823,1385,1886,8,1905,1921,0,49
2023-12-01,AL,1667,BOS,Shiroi,ATL,Chengzihe,2062,1410,1383,8,1437,2050,1,59
2024-03-29,PL,1706,POS,Cibaregbeg,NVL,Sumberpinang Satu,1670,1697,1475,1,2043,1410,0,79
2024-09-28,AL,1937,POS,Antipino,NVL,Novopavlovsk,1695,1589,1655,9,1887,1587,0,4
2023-12-31,DL,1671,BOS,Mungwi,ATL,Reims,1658,1865,1527,9,1875,2043,1,52
2024-09-28,DL,2027,BOS,Agía Paraskeví,NVL,Vilhena,1774,1590,1851,2,1397,1338,1,29
2024-07-28,PL,1609,BOS,Fram,ATL,Ketangi,1399,1576,1366,7,1368,1703,1,58
2024-08-24,PL,1398,POS,Moulay Abdallah,ATL,Zhangdiyingzi,1404,1768,1586,7,1991,1707,0,12
2024-03-28,AL,1918,POS,Zduńska Wola,NVL,Mansôa,1579,2051,1864,10,1972,1347,0,36
2024-08-05,AL,1423,BOS,Longchiqiao,ATL,Ierápetra,2049,2011,1450,1,1640,1890,0,86
2024-01-28,DL,1855,BOS,Liwonde,ATL,Realeza,1402,1395,1721,8,1938,1672,1,90
2024-07-21,AL,1721,BOS,Akron,ATL,Santa María de Jesús,1751,1494,1622,10,1958,1782,1,11
2023-12-03,AL,1832,POS,Kezilei,NVL,Bianba,1913,1847,1923,2,1597,1552,1,27
2023-11-22,AL,1982,POS,Armação de Pêra,ATL,Betzdorf,1469,1877,1568,10,1740,1806,0,32
2024-03-18,DL,1734,BOS,Shaami-Yurt,ATL,Ciusul,1476,1642,2058,4,1915,1645,1,47
2024-07-13,PL,1889,BOS,Muaralabuh,NVL,Barakī Barak,1757,1385,1800,10,1618,1394,1,87
2024-07-28,AL,1488,POS,San Pedro,ATL,Shifang,1459,1435,1593,9,1836,1382,1,68
2023-12-15,PL,1998,BOS,Göteborg,NVL,Singa,1356,1574,2019,1,1402,1921,1,62
2024-08-31,PL,1464,BOS,Losino-Petrovskiy,NVL,Porsgrunn,1654,1751,1760,9,1341,1832,1,72
2023-11-03,AL,1622,BOS,Tarbagatay,ATL,Tatou,1627,2050,1401,1,1757,1523,0,14
2024-01-18,AL,1796,POS,Boulsa,ATL,Almalaguês,2057,1588,1560,7,1877,1468,0,48
2024-01-05,PL,1806,BOS,Sacramento,ATL,Balneário Camboriú,1601,1655,1353,7,1899,1816,1,43
2024-03-01,PL,1840,POS,Beixinjie,NVL,Al Jamālīyah,1634,1692,2045,5,1887,2024,0,62
2023-11-30,DL,2031,POS,Newbiggin,ATL,Hujiaying,1523,1480,1446,3,1532,1650,0,45
2024-08-05,PL,1483,BOS,Sotteville-lès-Rouen,ATL,Luowan,1372,1616,1673,5,2017,1971,1,0
2024-01-02,PL,1399,BOS,Barueri,NVL,La Esperanza,1546,2043,1834,4,1942,1407,1,72
2024-01-10,DL,1404,BOS,Akureyri,NVL,Waru Selatan,1649,1570,1406,5,1678,1727,1,20
2024-02-22,PL,1372,BOS,Barotac Viejo,ATL,Banī Mazār,1349,1971,1541,2,2053,1947,1,47
2024-04-12,AL,1359,POS,Outeiro,NVL,Znamenskoye,1829,1952,1963,3,1749,1813,0,78
2024-01-28,DL,1425,BOS,Čelinac,NVL,Luxi,1887,1639,1761,10,1588,1474,1,49
2024-05-03,PL,1810,POS,Paris 16,ATL,Ţammūn,1816,2027,1928,10,1976,1769,1,56
2024-09-28,AL,1621,BOS,Niort,ATL,Sukhirin,1663,1673,2023,5,2036,1951,1,84
2024-02-21,DL,1941,POS,Jingjiang,NVL,Aurillac,1493,1343,1847,1,1753,1595,1,34
2024-01-08,PL,1680,BOS,Jīroft,NVL,Nyalindung,1935,1700,1902,6,1679,1764,1,68
2023-10-22,DL,1975,POS,Koroška Bela,NVL,São Bento,2030,1376,1780,6,1457,1407,0,67
2023-11-25,AL,1671,POS,Chợ Mới,NVL,Izbicko,1526,1864,1530,9,1427,1950,0,37
2024-09-25,PL,1597,POS,Metz,ATL,Huangzhai,1632,1528,1754,4,1431,1909,1,54
2023-11-18,AL,1997,POS,Caucaguita,NVL,Jiaze,1555,2008,1347,8,1765,1966,1,20
2024-05-28,DL,1809,POS,Gijon,NVL,Rymanów,1486,1770,1576,6,1709,1765,0,41
2023-10-04,PL,1753,POS,Xilin,ATL,Ketanen,1795,1926,1942,1,1701,1833,0,19
2024-10-01,DL,1818,BOS,Basak,NVL,Mueang Suang,1541,1372,1353,6,1709,1921,1,58
2023-11-12,AL,1993,POS,Zhanjiang,NVL,Carice,1855,1831,1338,6,1898,1660,0,49
2024-05-11,AL,1738,BOS,Jijiazhuang,NVL,Aconibe,1484,1780,1744,2,1529,1722,1,8
2024-09-19,PL,1411,POS,Toritama,ATL,Canto,1870,1875,1350,1,1536,1847,0,82
2024-09-25,AL,1604,BOS,Kombissiri,ATL,Baoli,1773,1647,1423,1,1783,1913,1,99
2024-03-02,PL,1924,BOS,Kafr Thulth,NVL,Pieniężno,1399,1966,1669,10,1753,1949,0,32
2024-08-09,PL,1967,BOS,São Bernardo do Campo,ATL,Maia,1829,1975,1863,3,1585,1983,1,1
2024-07-06,DL,1584,POS,Kawanishi,NVL,Darwin,1903,2058,1950,8,1751,1715,1,1
2024-02-22,AL,1568,BOS,Mandalasari,NVL,Serang,2031,1881,2065,10,1668,1835,1,45
2024-03-20,AL,1511,BOS,Shicang,NVL,Sai’erlong Xiang,1841,1769,1503,9,1544,1692,1,48
2024-09-03,DL,1710,POS,Ganquan,NVL,Viškovci,1626,1416,1519,6,1828,1929,0,82
2024-08-09,AL,2020,BOS,Kalān Deh,ATL,Chaguaramas,1797,1557,1366,2,1896,1952,1,9
2024-09-12,DL,1866,BOS,Jamundí,ATL,Laowobao,1410,1680,1783,2,1859,1480,0,14
2024-04-12,DL,1830,POS,Somovo,NVL,Villeneuve-la-Garenne,1842,1694,2059,9,2022,1403,0,100
2023-10-30,PL,1972,POS,Wootton,NVL,Paris 13,1840,2000,1810,6,1340,2009,1,83
2024-02-20,PL,1544,POS,Delft,NVL,Ntungamo,1796,1988,1998,4,1628,1956,1,15
2024-01-16,DL,1409,BOS,Čajniče,ATL,Rixi,2057,2005,2005,7,1449,1808,1,52
2024-08-31,DL,1343,POS,Nanshe,NVL,Verba,1850,1727,1631,2,1446,1751,1,90
2023-10-27,DL,1625,BOS,Alagoa Grande,ATL,Jinjiang,1722,2012,1470,9,2012,1639,0,7
2024-08-23,AL,1617,POS,Hägersten,ATL,Joroan,1982,1759,2028,8,1797,1853,0,80
2023-12-27,PL,1915,BOS,Tékane,NVL,Miao’ergou,1497,1737,1578,6,1851,1707,0,88
2024-06-20,PL,2056,BOS,Bafang,ATL,Sundsvall,1946,1720,2030,5,1530,1593,0,6
2023-11-15,PL,1360,BOS,Tagum,ATL,Casilda,1503,2000,1774,5,1779,1805,1,40
2024-09-15,DL,2038,BOS,Barreira,ATL,Montijo,1546,1411,1337,1,1750,1360,0,15
2023-12-30,DL,1711,BOS,Malaga,NVL,Pucangkrajan,1988,1742,2019,8,1549,1781,0,18
2024-03-05,AL,1796,POS,Chadiza,NVL,Colón,1891,1357,1447,4,1649,1412,0,50
2024-09-14,AL,1725,BOS,Villach,NVL,Ketawang,1627,1556,2019,9,1845,1996,0,64
2024-01-25,AL,1633,BOS,Cajuru,ATL,El Hajeb,1961,1962,1747,7,1477,1615,0,68
2024-03-22,PL,1387,POS,Fort-de-France,ATL,Timur,1655,1534,1487,2,1581,1746,1,41
2024-03-18,PL,1387,POS,Tarub,NVL,Abreus,2057,1627,1486,7,1407,1491,0,22
2023-11-12,AL,1983,BOS,Stepanivka,ATL,Horokhiv,1484,1875,1835,3,1375,1550,1,7
2024-05-27,PL,1888,POS,Cha’anpu,ATL,Thanh Ba,1507,1439,1960,6,2039,1371,1,99
2024-08-13,PL,1521,POS,Bagamoyo,ATL,Edinburgh,1580,1505,1963,2,2003,1608,1,54
2024-07-31,DL,1573,BOS,Brataj,NVL,Heping,1937,1894,1865,6,1612,1341,1,27
2024-04-16,AL,1683,POS,Baitu,NVL,Lopandino,1634,1440,1821,7,1508,1725,1,19
2023-12-08,PL,1405,BOS,Consolacion,ATL,Ovsyanka,1865,2057,1405,9,1624,1991,1,51
2023-12-03,AL,1806,BOS,Kriel,ATL,Tyrnyauz,1731,1520,1604,8,1918,2052,1,24
2024-01-27,DL,1477,BOS,Dzięgielów,NVL,La Unión,1709,1862,1373,3,1362,1804,0,29
2024-06-02,AL,1390,POS,Lingyang,ATL,Sambong,1669,1684,1919,8,1794,1448,1,12
2023-12-01,DL,1482,POS,Smyków,NVL,Altay,1881,1338,1785,7,1806,1868,1,6
2023-11-11,DL,1791,BOS,Ceres,ATL,Iwase,1752,1899,2015,5,1735,1578,0,63
2024-10-01,AL,1909,POS,Zbraslav,NVL,La Virtud,1462,1428,2053,5,1638,1826,0,41
2023-11-05,DL,1960,BOS,Rio,ATL,Birr,1981,1466,1718,4,1367,1805,0,3
2024-06-26,PL,1843,BOS,Pofadder,NVL,Boyang,1801,1427,2008,2,2057,1717,0,53
2023-11-28,AL,1526,POS,San Pedro Masahuat,NVL,Nawá,1632,1342,1336,9,1453,1871,0,65
2024-09-02,PL,2001,POS,Lorino,NVL,Quốc Oai,1534,1910,1698,9,1580,1995,1,52
2024-05-08,AL,1947,BOS,Lorino,NVL,Hexi,1483,1728,1927,10,1952,1436,1,60
2024-05-17,AL,1769,POS,Zvenigorod,ATL,Kurchaloy,1891,1886,2059,10,1601,1451,0,94
2024-02-06,AL,1965,POS,Nioki,NVL,Tonghae,1894,1714,1658,5,1487,1569,0,37
2024-01-21,DL,1674,BOS,Palmasola,NVL,Massy,1893,1931,1483,8,1825,1628,1,52
2024-09-06,DL,1896,POS,Ambulong,NVL,Rosthern,1755,1778,1368,1,1931,1444,1,29
2023-10-30,PL,1819,BOS,Jambesari,ATL,Lincheng,1676,1345,1529,4,1648,1755,0,26
2023-11-15,PL,1475,POS,Mapou,NVL,Jagabaya Dua,1911,1381,1349,2,1855,1899,0,36
2024-05-07,DL,2020,BOS,Amparafaravola,ATL,Chwaszczyno,2013,1500,1905,5,1672,1851,0,40
2023-11-18,DL,1600,BOS,Chignayhua,ATL,Sebedo,1461,1781,1384,9,1895,1819,0,48
2024-03-06,PL,1340,BOS,Bebekan,ATL,Blawi,1568,1890,1697,6,1595,1710,1,71
2023-11-30,AL,1923,POS,Ambelókipoi,ATL,Motupe,1745,1616,2046,7,1979,1545,1,29
2023-11-04,PL,1757,BOS,Laka,NVL,Longtang,1518,1898,2061,3,1336,2049,0,31
2024-08-09,AL,1712,BOS,Ostashkov,ATL,Qiying,1985,1384,1861,6,2060,1423,1,2
2024-07-14,PL,1877,POS,Wangyi Zhendian,NVL,Wādī as Salqā,2005,1995,1428,9,1648,1507,0,89
2024-06-29,PL,1813,POS,Rurrenabaque,NVL,Ciudad Arce,1439,1951,1583,2,1882,1612,0,21
2024-01-09,PL,1490,POS,Caxito,ATL,Lizhuangzi,1621,1368,1964,8,1433,1460,1,45
2024-09-09,DL,1440,POS,Gambang,ATL,Novoaleksandrovsk,1504,2016,1947,3,1391,1988,1,48
2024-08-17,DL,1682,POS,Xinglong,ATL,Chartres,1662,1646,1946,10,2058,1673,0,7
2023-11-22,AL,1739,POS,Cát Bà,ATL,Koga,1804,1944,1884,5,1788,1867,0,71
2023-12-17,DL,2040,BOS,Água Levada,NVL,Danbury,1812,1361,1959,8,1335,1822,0,68
2024-01-20,AL,1344,BOS,Bojnik,NVL,Chenxikou,1503,1938,1758,4,1641,1408,0,84
2024-06-14,AL,1978,POS,Sechelt,ATL,Jinling,1850,1340,1995,6,2043,1589,1,76
2024-01-09,AL,1751,POS,Tomorlog,ATL,Łobez,1953,1973,1936,10,1750,1386,0,4
2024-10-01,DL,1486,POS,Saqqez,NVL,Shōbu,2012,1800,1632,3,1757,1961,1,28
2024-02-01,DL,1773,BOS,Xuedian,ATL,Lyuban’,1413,1453,1367,4,1964,1585,0,16
2024-07-09,DL,1718,BOS,Pyhäselkä,ATL,Xinquan,1638,1483,1960,4,1717,1978,1,82
2023-12-21,AL,1742,BOS,Tangxi,NVL,Qingshui,1355,1685,1726,3,1754,1582,1,22
2023-10-20,DL,1708,POS,Tubualá,NVL,Safakulevo,1800,1648,1459,4,1599,1346,1,43
2024-06-26,PL,1491,POS,Sincé,ATL,Xinfang,1662,2053,1617,9,1859,1446,0,44
2024-06-14,PL,1866,BOS,Ilek,NVL,Maurole,1729,1596,1859,8,1474,1918,1,18
2024-01-22,AL,1966,BOS,Gaoming,NVL,Labuhansumbawa,1925,1652,1453,10,1530,1640,0,66
2024-04-01,PL,1558,POS,General Santos,ATL,Shamanka,1512,1652,1341,4,1547,1717,0,54
2024-06-12,PL,1485,BOS,Abade de Vermoim,NVL,Pankovka,1555,1504,1602,4,1491,1557,0,17
2024-03-16,DL,1640,BOS,Severomorsk,NVL,Quinta do Sobrado,1821,1490,1643,6,1888,1385,0,93
2024-02-25,DL,1933,BOS,Pulong Sampalok,ATL,Poja,1626,1880,1725,6,1883,1891,0,10
2024-05-14,PL,1803,POS,Kendalngupuk,ATL,Balma,1750,1920,2015,6,1493,1794,0,29
2024-02-12,DL,1476,BOS,Reszel,NVL,Xinhua,2033,1809,1759,4,1847,1375,0,46
2024-03-26,DL,1941,POS,Louisville,ATL,Busay,1556,1513,1559,3,1752,1404,0,48
2024-03-24,DL,1346,POS,Roubaix,ATL,Tromsø,1766,1758,1727,4,1837,1493,1,32
2024-05-19,PL,1780,BOS,Si Khoraphum,NVL,Luoyang,1924,1738,1437,6,2063,1647,0,24
2024-01-07,AL,2024,POS,Marihatag,NVL,Regidor,1981,1667,1997,3,1507,1559,1,90
2024-03-25,AL,1676,BOS,Kuching,NVL,Gujun,1874,1836,1944,1,1420,1592,0,28
2024-08-28,AL,1652,BOS,Shkurinskaya,ATL,Kista,1344,1774,2033,10,1430,1576,1,47
2024-06-09,DL,1373,POS,Bolian,NVL,Karangnunggal,1993,1871,1504,1,1601,1454,1,10
2023-10-21,AL,1569,POS,Cimrutu,ATL,Shangjiangxu,1504,1577,1603,3,1709,1931,1,59
2024-07-13,PL,1598,POS,Dongting,ATL,Kecskemét,1429,1862,1553,9,1554,1469,0,30
2024-07-04,DL,1439,POS,Shanxi,ATL,Xingguo,1932,1787,2007,9,1946,1545,0,62
2023-10-17,AL,1432,BOS,Kitsuki,NVL,San Juan Nepomuceno,1963,1359,1894,7,1580,1517,1,61
2024-06-14,AL,1335,BOS,Muzhijie,ATL,Arnage,1857,1870,1875,3,1796,1730,0,38
2024-07-07,AL,1876,POS,Cangkeuteuk Sabrang,ATL,Klumpit,1832,1439,1839,8,1619,1594,1,68
2024-05-09,AL,1381,POS,Abilay,ATL,Jinchang,1493,1637,1683,1,1899,1816,0,32
2024-05-29,PL,1671,BOS,Vodnyy,NVL,Čížkovice,1635,1926,1597,9,2051,1513,0,19
2024-03-14,DL,1914,BOS,Pagarbatu,ATL,Teresina,1741,1534,1440,2,1612,1943,0,77
2024-08-06,DL,1403,BOS,Fonte Boa,NVL,Yubileynyy,1708,1999,1918,3,1681,1860,1,87
2023-10-25,DL,1420,POS,Dijon,NVL,Alilem,1853,1691,1448,3,1464,2058,1,41
2024-08-21,AL,1635,BOS,Jatobá,NVL,Sembakung,1468,1398,1770,4,2005,1884,1,46
2024-02-25,DL,1935,POS,Ljungby,NVL,Haparanda,2055,1612,1366,3,1808,1602,1,65
2024-03-16,PL,2004,POS,Srebrenik,ATL,Bulembu,1596,1664,1425,8,1553,1713,0,62
2024-06-29,PL,1549,POS,Dundrum,NVL,Santa Cruz del Sur,1934,1813,1821,3,1546,1461,1,9
2024-08-24,AL,1346,BOS,Tungor,ATL,Pasirpanjang,1549,1892,2025,10,1472,1836,1,32
2024-02-24,DL,1718,BOS,Xinzhaiping,ATL,Daphu,1583,1727,2011,10,1643,2047,1,97
2023-10-08,DL,1775,BOS,Ad Dasmah,NVL,Alma,1979,1580,1906,2,1606,1392,0,29
2024-08-11,AL,2052,BOS,Redinha,NVL,Dhuusamarreeb,1616,1643,1943,8,1634,1877,0,26
2023-12-06,DL,1744,BOS,Tongqian,ATL,Cruz Alta,1992,1722,1825,1,1586,1791,1,62
2024-04-13,AL,1812,POS,Santo Amaro da Imperatriz,ATL,Susaki,1677,2039,1878,1,1894,1863,1,21
2024-08-04,PL,1599,POS,Setonokalong,ATL,Kamień Pomorski,1519,1645,2002,7,1965,1502,0,72
2023-10-25,PL,1802,BOS,União dos Palmares,NVL,Colorado Springs,1988,2008,1864,8,1886,1678,1,17
2024-03-02,AL,1553,BOS,Pueblo Nuevo Viñas,NVL,Pingdi,1707,1628,1856,9,1672,1892,0,44
2024-08-25,PL,1377,BOS,Ōkawa,NVL,Hà Tiên,1710,1778,1397,2,1649,2049,0,20
2023-12-01,PL,1904,POS,La Unión,NVL,Wuxiang,1451,1537,1542,4,1602,1640,1,6
2024-06-12,PL,1608,BOS,Hongtang,ATL,Yanaoca,1620,1731,1570,2,2026,1447,0,81
2023-10-30,AL,1360,BOS,Bałtów,NVL,Bom Jesus da Lapa,1537,1626,1534,5,1672,1701,1,21
2024-07-09,PL,1985,BOS,Umeå,NVL,Licun,1745,2041,1819,4,1650,1957,0,47
2023-12-31,AL,1533,POS,Bulu,ATL,Sidareja,1799,1609,1773,8,2052,1563,0,100
2024-01-21,AL,1658,POS,Isla Pucú,NVL,Laotai,1647,2032,2019,6,1547,1697,1,45
2024-08-06,AL,1898,POS,Bofuer,ATL,Jorok Dalam,2041,1770,1355,2,1513,1979,0,87
2024-01-18,DL,1740,BOS,Évora,NVL,Petite Rivière de Nippes,1948,1349,1791,5,1933,1507,0,12
2024-08-03,AL,1558,POS,Aomori Shi,ATL,Gose,1945,1542,1748,7,1373,1782,1,10
2024-06-18,DL,1801,BOS,Obsharovka,ATL,Estância,1348,1559,2045,10,2044,1433,1,21
2024-07-03,DL,1409,BOS,Santander,NVL,Pierzchnica,1992,1572,1761,7,1526,1455,0,46
2024-06-19,AL,1519,POS,Choca do Mar,NVL,Qianjia,1438,1410,1833,3,1584,1481,0,100
2024-05-09,DL,1889,POS,Huaraz,NVL,Pora,1859,1675,1539,9,1766,1993,0,73
2024-09-08,AL,1410,POS,Beizhuang,NVL,Gulu,1701,1519,1688,4,1911,1754,1,50
2023-10-08,AL,1932,POS,Rasūlnagar,NVL,Shichuan,1915,2052,1485,4,1921,1925,1,6
2024-06-12,DL,1587,BOS,Xinjiezi,NVL,Kavarna,1386,1880,1959,4,1514,1771,0,5
2024-03-02,DL,1668,BOS,Maubara,NVL,Codó,1787,1701,1395,10,1827,1343,0,84
2024-05-28,DL,1412,POS,Orion,ATL,Estância Velha,1973,1634,2036,9,1786,1463,1,42
2024-05-10,DL,1414,POS,Matadi,ATL,Ribeira das Taínhas,1550,1473,1720,8,1474,1942,1,72
2024-01-06,DL,1954,BOS,Lyon,ATL,Guangyi,1887,1988,1776,3,1944,1349,0,59
2023-11-21,AL,1603,POS,Lushuihe,ATL,Fram,1954,1985,1375,4,1974,1725,0,66
2023-12-08,DL,1501,BOS,Älvdalen,NVL,Luče,1492,1339,1919,5,1788,1986,1,98
2024-02-06,DL,1640,POS,Conceição da Abóboda,ATL,Podivín,1421,1960,1777,10,1998,1466,1,42
2024-07-28,DL,1876,BOS,Cienfuegos,ATL,Hongsung,1742,1524,1370,10,2029,1512,1,56
2024-05-12,AL,2056,BOS,Washington,NVL,Hovězí,1644,1761,1743,6,1492,1691,0,61
2024-09-30,AL,1792,BOS,Carvalho,ATL,Changfeng,1841,1973,1958,4,1363,1722,0,0
2024-08-12,DL,1702,BOS,Zhifang,ATL,Rustāq,1404,1897,1623,9,1739,1995,0,29
2023-10-04,AL,1816,POS,San Isidro de Lules,ATL,Chatturat,1402,1986,1861,7,1353,1630,1,27
2023-12-10,DL,1992,BOS,Zharkent,ATL,Huansheng,1507,1385,1383,4,1744,1344,0,78
2024-09-24,DL,1590,BOS,Mường Nhé,NVL,Tengqiao,1791,1658,2016,3,1397,1638,0,1
2023-10-30,PL,1864,POS,Heshan,NVL,Weiyuan,1790,1624,1612,7,1370,1790,0,97
2024-07-25,DL,1629,POS,Kerva,ATL,Dongbei,1859,1705,1929,9,1869,1504,0,70
2024-01-29,AL,1675,BOS,Las Terrenas,ATL,Liulin,1847,1384,1978,5,1993,1426,0,22
2024-09-01,PL,1349,POS,Sangari,NVL,Lhokkruet,1956,1603,1541,2,1496,1547,1,53
2023-10-17,AL,1696,BOS,Bowen Island,NVL,Old City,1660,1970,1409,3,1691,1617,0,45
2023-12-31,PL,1958,BOS,Dorchester,NVL,San Guillermo,1964,1932,1708,1,1919,1658,1,99
2024-05-17,PL,1521,BOS,Aráchova,NVL,Reszel,1488,2065,2040,7,1762,1598,1,16
2024-03-13,PL,1751,BOS,Itacurubí del Rosario,NVL,Cariaco,1926,1987,1785,9,1845,1892,0,45
2023-12-25,DL,1909,BOS,Caxias do Sul,ATL,Suwaduk,1929,1660,1729,3,1682,1411,0,31
2024-03-15,PL,1743,POS,Balzar,ATL,Asquipata,1913,1513,1617,5,1909,1744,0,14
2024-03-29,DL,1344,BOS,Gorbatovka,ATL,Ramain,1604,1596,1765,10,1807,1493,0,64
2023-10-02,AL,1679,POS,Pampa del Infierno,NVL,Soledad,1517,1478,1918,8,2055,1824,0,66
2024-07-13,PL,1886,BOS,Quintela,NVL,Zangkaxa,1635,1346,1988,10,1981,2049,0,91
2024-06-08,PL,1781,POS,Saint Petersburg,NVL,Maicao,1645,1975,1746,9,1379,1914,1,35
2024-06-02,DL,1757,BOS,La Paz,NVL,Kingston,1884,1464,1944,1,1523,1438,1,62
2024-02-20,PL,1373,BOS,Batuidu,NVL,Dūāb,1356,1945,1620,4,1568,1791,0,23
2024-09-10,PL,1724,POS,Salam,NVL,Seixo de Manhoses,1562,1508,1723,2,1751,1797,1,18
2023-12-21,PL,2037,BOS,Gomunice,NVL,Al Quţayfah,1551,1524,1852,4,1773,1512,0,65
2023-10-03,AL,1841,POS,Pulau Pinang,ATL,Baiyin,1582,1575,1729,2,2022,1749,1,7
2024-05-14,AL,1460,POS,Daugavpils,NVL,Kerasochóri,1490,1734,1840,2,1540,1440,0,61
2024-10-01,PL,1577,BOS,Vardablur,NVL,Dongsheng,1662,1715,1561,5,1899,1518,1,48
2023-11-03,DL,1918,POS,Presidente Venceslau,NVL,Tawan tawan,1375,1969,1582,7,1979,1912,0,67
2024-10-01,AL,2007,POS,Wanghu,ATL,Xagqu,1531,1840,2036,2,1479,1626,1,80
2024-07-25,DL,1916,POS,Żarki-Letnisko,ATL,Dinggou,1939,1389,1585,10,1931,1466,0,33
2024-04-28,DL,1447,BOS,Tempurejo,NVL,Savyon,1473,1774,1523,10,1833,1345,1,36
2023-11-01,PL,1785,BOS,Pinhal Novo,NVL,Nema,1347,1658,1911,5,1657,2003,0,37
2023-12-15,PL,1639,POS,Tutup,NVL,Wucun,2042,1601,1991,1,2023,1333,1,89
2024-07-11,PL,1708,BOS,Soloneshnoye,NVL,"Brgy. Nalook, kalibo",1485,1935,1354,1,2002,1893,1,58
2024-07-10,AL,1803,POS,Lynn,NVL,Boulaide,1759,1804,1428,5,1456,1379,1,44
2024-07-01,PL,1680,BOS,Dongchen,ATL,Portsmouth,1371,1490,1381,7,1595,1814,1,24
2024-05-19,DL,1736,POS,Molinos,NVL,Diamante,1955,1917,1503,10,1565,1490,1,13
2023-10-03,AL,1605,POS,Alexandria,NVL,Eaton,1923,1766,1668,8,1352,1991,0,5
2023-11-28,AL,2049,POS,Jaruco,ATL,Nikhom Kham Soi,1679,1511,1455,8,1531,1707,0,99
2023-12-30,AL,1470,BOS,Linggamanik,NVL,Jackson,1523,1670,1383,4,1362,1565,0,6
2024-04-18,DL,1544,POS,Budy,NVL,Dong’ao,1817,1539,1407,2,1737,1700,0,17
2023-12-06,PL,1999,BOS,Zaleszany,ATL,Ocucaje,1873,1912,1570,9,1790,1652,1,60
2024-02-16,AL,1738,BOS,Vila Franca das Naves,ATL,Negla,1974,1865,1556,2,1677,1790,0,63
2024-02-24,DL,1589,BOS,Älvdalen,ATL,Lazaro Cardenas,1347,2029,1763,6,1692,1989,0,2
2024-09-11,PL,1825,BOS,Sentieiras,NVL,Mandalay,1550,1816,1727,5,1720,1337,0,28
2023-12-27,DL,1865,BOS,Borås,NVL,Ash Shuqayrah,1621,1840,1837,8,2063,1374,1,43
2024-03-25,PL,2012,POS,Gerong,ATL,Bulo,1628,1826,1805,5,1749,1964,1,28
2024-07-13,DL,1803,POS,Pajarillo,ATL,Morazán,1790,1632,1559,9,1842,1351,1,51
2023-10-25,PL,1814,BOS,Chenggan,NVL,Vahdat,1685,1691,1415,4,1698,1974,1,47
2023-12-13,AL,1476,BOS,Dingli,ATL,Yinying,1978,1918,1539,8,1362,1610,1,13
2024-03-17,PL,1533,POS,Shizikeng,ATL,Karangori,2016,1903,2052,10,2059,1575,0,25
2024-06-04,AL,1506,BOS,Rueil-Malmaison,NVL,Libenge,1740,1814,1403,10,1938,1777,1,43
2024-01-31,AL,2043,BOS,Arnoia,ATL,Tocota,1417,1535,1338,8,1336,1389,1,37
2023-12-17,AL,1538,POS,Banqiao,NVL,Tapada das Mercês,1367,2055,1893,1,1413,1624,0,3
2023-12-12,DL,1441,BOS,Bauan,ATL,Hecun,1411,1411,1519,1,1517,1895,1,85
2024-01-08,DL,1364,POS,Wuqu,NVL,Funes,2009,1663,1586,8,1978,2027,0,70
2024-09-01,DL,1777,POS,Wang Nam Khiao,NVL,Vođinci,1677,1921,1677,3,1677,1674,0,12
2024-08-06,DL,1922,POS,Dongjia,NVL,Sulak,1428,1955,1768,7,1432,2034,1,63
2024-06-10,PL,1759,BOS,Dajianchang,NVL,Zhusha,1985,1672,1721,3,1882,1352,0,93
2024-01-06,PL,1637,BOS,Orlovo,ATL,Pargas,1944,1636,1432,9,2033,1498,0,47
2023-11-14,AL,1565,POS,Barra,ATL,Rivera,1635,1691,1621,4,1653,1761,1,81
2024-04-18,DL,1518,BOS,Nova Era,ATL,Nacka,1375,1367,1550,1,1467,1880,1,64
2024-09-22,PL,1415,POS,Limassol,NVL,Mangai,1579,1787,1703,3,1642,1913,1,72
2024-03-03,AL,1988,POS,Xuanhua,NVL,Shimiaozi,1849,1372,1639,9,1738,1395,1,45
2024-06-07,PL,1582,BOS,Vila Flor,NVL,Galyugayevskaya,1827,2061,1927,8,1871,1660,0,66
2024-04-20,DL,1468,POS,Taihua,ATL,Mashizhai,1634,1598,1350,2,1411,1923,1,46
2024-06-10,AL,1626,BOS,Palmira,NVL,Kuznetsovs’k,1904,1898,1543,5,1652,1492,0,25
2024-04-30,PL,1756,POS,Texíguat,NVL,Chanika,1822,1801,2037,3,2043,1363,0,64
2023-10-16,DL,1337,BOS,Tosno,NVL,Washington,1590,1780,1748,8,1623,1612,0,79
2023-12-12,DL,1497,POS,Rebrikha,ATL,Kiukasen,1407,1500,1774,4,1774,2041,0,26
2024-04-24,DL,1464,POS,Monte da Pedra,ATL,Ţahţā,1403,1987,2042,3,1465,1520,0,12
2024-08-28,DL,1667,BOS,Victoria,NVL,Majunying,1372,1923,1888,4,1904,1921,1,14
2024-07-20,DL,1908,POS,Oenaik,NVL,Litian,1434,1501,1603,2,1382,1475,0,17
2024-03-06,PL,1994,BOS,Luozhuang,NVL,Barrancas,1668,1990,1481,3,1840,1914,1,63
2024-06-03,DL,1692,BOS,Meiyuan,NVL,Rebrikha,1821,1401,1424,4,1673,1907,1,24
2023-11-21,DL,2038,POS,Raojān,ATL,Peroguarda,1805,1555,1860,10,1907,2015,1,0
2024-05-27,AL,1725,BOS,Yanqi,NVL,Shouyan,1421,1643,1766,3,1745,1562,1,45
2024-02-11,AL,1951,POS,Kościelec,NVL,Huangjingba,1525,1592,1430,10,1571,1778,0,92
2024-03-19,PL,1499,POS,Qarah Bāgh,NVL,Pochuta,1609,1807,1861,6,1776,1934,1,25
2023-12-23,PL,1797,BOS,Santa Cruz de Barahona,NVL,Santiago,1637,1872,1820,9,1646,1851,0,90
2024-07-30,DL,1804,BOS,Saint-Malo,NVL,Himeji,1708,1855,1478,10,1517,1636,0,88
2024-04-16,AL,1369,BOS,Munkedal,ATL,Denton,1955,1666,1469,3,2009,1492,1,83
2024-06-11,PL,2060,BOS,Ávato,ATL,Kiukasen,1428,1979,1814,3,1411,1362,1,41
2024-05-18,AL,1534,POS,Leran,ATL,Saitama,1686,1570,1624,5,1587,1569,0,78
2024-01-09,AL,1404,POS,Manaulanan,ATL,Khūgyāṉī,1783,1522,1586,9,1503,1707,0,3
2024-08-29,PL,1441,BOS,Kokkini Trimithia,NVL,Birni N Konni,1628,1710,1812,2,1443,2055,1,49
2024-05-08,PL,1830,BOS,Dandai,NVL,Shāhzādpur,1499,1526,1351,5,1641,1726,1,96
2024-05-26,AL,1784,POS,Surulangun Rawas,NVL,Feliciano,2057,1355,1453,1,2049,1746,1,59
2024-06-16,AL,1445,BOS,Kuching,NVL,Fornos,1444,1783,1584,6,1578,1499,0,17
2023-11-11,AL,1906,BOS,Néma,ATL,Fengshan,1598,1832,1556,2,1892,2055,0,23
2024-09-14,PL,2048,BOS,Brades,ATL,Paritaman,1946,1945,1646,10,1460,1648,0,98
2024-08-12,DL,1488,POS,Jeruk,NVL,Shengli,1717,2049,1743,1,1987,1917,0,10
2023-11-02,PL,1338,POS,Bayrachky,ATL,Seka,2007,1910,1560,6,1432,1443,1,35
2024-09-11,DL,1655,BOS,Bakung,ATL,Catu,1573,2065,1912,3,1813,1757,0,79
2024-06-06,DL,1957,POS,Xinjiezi,NVL,Chengzhong,1925,1469,1671,10,1930,1552,0,40
2024-04-09,PL,1380,BOS,Kamenka,NVL,Caitang,1673,1574,1761,3,1479,2035,0,77
2024-08-23,AL,1749,POS,Panganiban,NVL,Gongnong,1863,1431,1454,5,1950,1841,0,6
2024-05-16,PL,1591,POS,Lopatyn,ATL,Bayḩān,1706,1415,1894,5,1947,1828,1,27
2024-06-17,DL,1880,BOS,Capela,ATL,Keruguya,1960,1745,1977,10,2041,1528,1,2
2024-01-27,DL,1377,BOS,Atiquizaya,ATL,Sam Roi Yot,1417,1548,1417,8,1676,1632,0,27
2024-01-25,DL,1715,BOS,Changfu,ATL,Övertorneå,1361,1759,2024,6,1929,1934,1,17
2024-08-04,DL,1370,BOS,Shazi,ATL,Ipameri,1756,1635,1750,10,1822,1544,0,75
2024-09-21,AL,1702,BOS,Kanaya,ATL,Rubik,1735,1768,1422,6,2056,1634,1,8
2024-04-29,DL,1798,BOS,Solkan,ATL,Timezgana,2064,1395,2008,3,1577,1471,0,37
2024-06-19,AL,1410,BOS,Antimácheia,NVL,Donja Dubica,1443,1675,1653,6,1474,2010,1,12
2024-04-01,DL,1577,POS,Comillas Norte,NVL,Pozhang,1365,1861,1377,9,1431,1355,0,83
2024-05-30,AL,1584,POS,Cerava,NVL,Korisós,1611,1392,1396,6,1963,1673,1,59
2024-07-16,AL,1446,BOS,Cusco,NVL,Naran-mandokhu Somon,1770,1978,1737,5,1385,1366,1,11
2024-01-30,DL,1866,POS,Kaliterus,ATL,Zhongxing,1829,1364,1422,2,1407,1744,0,32
2024-03-28,PL,1797,POS,Dhī as Sufāl,ATL,Cihideung Satu,1660,1623,1427,10,1632,1996,0,59
2024-06-17,PL,1520,POS,Las Breñas,NVL,Siuna,1990,1397,1936,1,1436,1931,0,83
2024-01-30,PL,1595,POS,Cuiabá,ATL,Malim,1740,1726,1622,6,1781,1732,1,90
2023-12-11,PL,1561,BOS,Abeokuta,NVL,Ivatsevichy,1566,1364,1542,9,1847,1470,1,87
2024-08-09,DL,1701,POS,Atlanta,NVL,Göteborg,1369,1377,1693,6,1654,1759,0,35
2024-06-25,DL,1337,POS,Al ‘Anān,NVL,Slobodka,1497,1911,1631,10,1527,1887,1,43
2023-11-07,PL,2006,POS,Mbuji-Mayi,NVL,Zhouxi,1822,1896,1565,9,1952,1919,0,89
2024-07-29,AL,2012,BOS,Minakuchi,NVL,Lemery,2049,2007,1840,5,1435,1870,0,21
2024-03-26,PL,2027,BOS,Veselí nad Lužnicí,ATL,Jinta,1393,1658,1816,3,1965,2019,1,84
2024-04-01,AL,1775,POS,Winangun,NVL,Soutelo,1675,1701,1534,8,2053,1943,0,39
2024-04-09,AL,2047,POS,Jinping,NVL,Terjan,1673,1599,1742,9,1752,1538,0,48
2024-05-24,DL,1547,BOS,Jingxin,NVL,Zhoushan,1544,1771,1649,7,1983,1653,1,65
2024-05-22,PL,1606,BOS,Bomadi,NVL,Osório,1386,1377,1670,6,1736,1520,1,99
2024-05-04,DL,1683,POS,Kuala Lumpur,NVL,Cajuru,1797,1431,2047,2,1669,1726,0,75
2023-12-22,AL,1652,POS,Tazemmourt,NVL,Chenjiaba,1483,1718,1579,6,1498,1496,1,52
2023-11-14,AL,1416,POS,Kumla,ATL,Langgen,1892,1904,1765,6,1801,1354,0,78
2024-09-01,PL,1718,POS,Bulubrangsi,ATL,Sosnowiec,2050,1779,1491,10,1902,1954,1,4
2023-10-09,DL,1864,POS,Thiers,NVL,Joconal,1896,1881,2035,2,1448,1553,0,26
2023-11-09,DL,1622,BOS,Lauro de Freitas,NVL,Sambongmulyo,1390,1735,2028,9,2032,1353,0,43
2024-03-15,DL,1651,POS,Beddeng,NVL,Huangni,1396,1739,1889,9,1911,1370,1,50
2023-12-29,AL,2049,POS,Pittsburgh,NVL,Xixiang,1475,1804,1844,8,1668,1984,1,91
2024-04-15,DL,1502,BOS,Sieradza,ATL,Stakhanov,1355,1665,1678,4,1512,1550,1,22
2023-12-17,AL,1556,POS,Mahābād,ATL,Calingcing,1538,2031,1877,2,1804,1451,1,7
2024-05-24,DL,1665,POS,Margen,NVL,Tīkāpur,1501,1708,1761,5,1578,2065,1,57
2024-04-19,PL,1805,POS,Zhishan,NVL,Bodeh,1900,1512,1810,1,1526,1991,1,80
2024-07-06,AL,1811,BOS,Zavolzh’ye,ATL,Périgueux,1605,1439,1668,6,1560,1356,0,51
2024-02-11,AL,1493,POS,Cullhuas,NVL,Weiting,1561,1719,1559,2,1873,1992,0,31
2024-05-10,DL,1971,BOS,Cojutepeque,NVL,Nackawic,1795,1672,1350,4,2001,1609,0,68
2023-11-09,AL,1856,BOS,Bishan,NVL,Nowe Skalmierzyce,1473,1590,1921,2,1919,1527,1,48
2023-11-12,PL,1890,POS,Tucson,ATL,Oitui,1813,1842,1542,3,1893,1837,0,77
